Idx,Distance,MPF,RESP_Azi,RESP_Ele,POOA_1,POOA_2,POOA_3,RSSI_1,RSSI_2,RSSI_3,Gain_idx
21339,43.234313,0,83.773743,32.045280,172.397229,178.648640,6.262398,-35,-38,-45,6
21340,42.882856,0,85.340424,32.045280,172.474136,179.099094,6.624958,-35,-38,-45,6
21341,43.000000,0,81.535622,32.265594,172.847682,177.758721,5.746025,-35,-38,-45,6
21342,43.586123,0,77.521004,33.608463,174.177068,175.528428,1.340373,-35,-38,-46,6
21343,43.703036,0,71.929207,33.608463,171.639149,170.749229,-0.889920,-35,-38,-47,6
21344,43.820319,0,68.795845,33.832275,171.089816,167.519150,-3.131199,-35,-39,-48,6
21345,42.648504,0,71.593491,33.832275,172.309336,170.529496,-1.779839,-35,-38,-48,6
21346,42.648487,0,67.676788,33.384651,169.309977,166.178777,-2.680746,-36,-39,-48,6
21347,43.117267,0,69.691093,33.608463,171.111789,168.431043,-2.241279,-35,-38,-48,6
21348,43.702926,0,73.716209,33.832275,172.902615,172.452162,-0.889920,-35,-38,-47,6
21349,43.117166,0,74.611450,33.608463,173.298135,173.298135,0.000000,-35,-38,-47,6
21350,43.117365,0,76.401947,32.045280,170.232856,174.638508,4.405652,-35,-38,-46,6
21351,42.999979,0,75.506699,32.937027,171.770989,173.935362,2.164373,-36,-38,-46,6
21352,42.531423,0,71.257774,33.160839,171.122776,170.232856,0.450453,-35,-38,-46,6
21353,41.710927,0,72.597145,33.832275,172.847682,171.496323,-1.329386,-36,-38,-46,6
21354,43.117234,0,72.149521,32.937027,170.650349,171.100803,0.450453,-35,-38,-46,6
21355,42.648587,0,70.810150,32.713215,170.606403,169.716483,1.340373,-36,-38,-46,6
21356,42.414148,0,69.914902,33.384651,171.199683,168.881497,-0.889920,-35,-38,-46,6
21357,42.531310,0,71.481590,32.713215,168.958403,170.414136,0.000000,-35,-38,-46,6
21358,43.703199,0,71.257774,33.832275,172.001709,170.210883,-1.790826,-36,-38,-46,6
21359,42.179580,0,69.914902,32.713215,168.859523,168.859523,0.000000,-35,-38,-46,6
21360,42.414084,0,72.597145,32.937027,170.155950,171.496323,0.439467,-35,-38,-46,6
21361,42.179729,0,71.481590,33.384651,171.265603,170.364696,-0.900906,-35,-38,-46,6
21362,42.414085,0,72.597145,33.832275,172.452162,171.551256,-1.746879,-35,-38,-46,6
21363,43.468758,0,75.730507,34.279900,175.517441,174.177068,-0.977813,-36,-38,-47,6
21364,42.062604,0,70.586342,33.832275,172.204962,169.524216,-1.351360,-36,-38,-46,6
21365,42.414144,0,72.597145,34.279900,174.188055,171.419416,-2.241279,-36,-38,-47,6
21366,42.413981,0,-66.781540,34.279900,173.353069,-165.277871,-2.241279,-35,-38,-47,6
21367,42.765638,0,71.481590,33.608463,171.705069,170.430616,-0.889920,-35,-38,-46,6
21368,42.648531,0,71.929207,34.279900,172.847682,170.749229,-2.680746,-35,-38,-46,6
21369,43.234267,0,72.820961,33.608463,172.540056,171.639149,-0.900906,-35,-38,-47,6
21370,42.882979,0,71.257774,32.937027,170.232856,170.232856,0.000000,-35,-38,-46,6
21371,42.531338,0,72.597145,34.056087,173.287149,171.496323,-1.779839,-36,-38,-47,6
21372,42.414234,0,71.929207,33.384651,171.199683,170.749229,-0.450453,-36,-38,-47,6
21373,42.765664,0,71.257774,33.608463,171.946776,170.221870,-1.340373,-36,-38,-46,6
21374,42.297004,0,70.586342,33.160839,170.414136,169.513230,-0.450453,-36,-38,-46,6
21375,42.413947,0,72.373337,34.279900,174.177068,171.199683,-2.175359,-35,-38,-46,6
21376,43.702998,0,71.033966,33.384651,171.199683,169.859310,-0.889920,-35,-38,-47,6
21377,43.585896,0,73.716209,34.056087,173.440962,172.540056,-1.735893,-35,-38,-46,6
21378,43.117276,0,72.820961,33.608463,172.551042,171.650136,-0.900906,-35,-39,-47,6
21379,42.531291,0,74.163826,34.056087,173.737602,172.847682,-0.889920,-35,-38,-47,6
21380,42.296980,0,69.914902,32.937027,170.155950,168.859523,0.000000,-36,-38,-47,6
21381,43.234377,0,69.914902,33.608463,171.100803,168.859523,-1.790826,-35,-38,-47,6
21382,42.531361,0,72.597145,33.384651,171.880856,171.430403,-0.450453,-35,-38,-47,6
21383,42.414145,0,70.810150,33.160839,170.210883,169.639576,-0.450453,-35,-38,-47,6
21384,42.648393,0,73.044769,34.503708,174.550615,171.869869,-2.164373,-36,-38,-47,6
21385,42.765598,0,71.033966,33.384651,170.968963,170.079043,-0.889920,-35,-38,-46,6
21386,42.882858,0,75.282890,33.832275,172.655416,173.792535,-0.845973,-35,-38,-47,6
21387,42.648477,0,71.705399,33.608463,171.990722,170.650349,-1.340373,-35,-38,-46,6
21388,42.531137,0,70.362526,33.160839,170.529496,169.189123,-0.889920,-35,-38,-47,6
21389,43.468918,0,76.849571,29.359539,173.440962,175.077975,19.918821,-35,-38,-47,6
21390,42.765670,0,71.257774,33.384651,171.089816,170.199896,-0.900906,-35,-38,-47,6
21391,42.648499,0,71.705399,34.279900,173.287149,170.672323,-2.680746,-35,-38,-47,6
21392,42.531464,0,69.243469,33.160839,169.408856,167.969604,-1.724906,-35,-38,-46,6
21393,42.765693,0,71.257774,33.384651,171.056856,170.166936,-0.889920,-35,-38,-46,6
21394,41.828138,0,70.810150,33.160839,170.166936,169.639576,-0.527360,-36,-38,-47,6
21395,43.000039,0,69.243469,32.937027,168.859523,167.969604,-0.900906,-36,-38,-47,6
21396,42.765609,0,58.402596,33.384651,171.754509,153.011261,-0.439467,-35,-38,-47,6
21397,42.531162,0,72.149521,34.279900,174.100162,170.979949,-1.790826,-35,-38,-47,6
21398,41.476572,0,71.705399,33.160839,170.540483,170.540483,0.000000,-35,-38,-46,6
21399,42.882783,0,70.586342,32.937027,169.408856,169.408856,-0.900906,-35,-38,-46,6
21400,42.531274,0,72.149521,34.279900,173.748589,171.056856,-1.790826,-36,-38,-47,6
21401,43.351729,0,73.044769,34.279900,174.671468,171.990722,-1.790826,-35,-38,-46,6
21402,41.828140,0,74.163826,-31.373844,-172.001709,172.847682,-9.250771,-35,-39,-46,6
21403,42.531341,0,-69.914902,28.911917,169.771416,-168.749657,18.677328,-35,-38,-46,6
21404,42.414056,0,71.929207,33.832275,172.540056,170.760216,-1.790826,-35,-38,-46,6
21405,43.703018,0,70.362526,34.056087,171.946776,169.266030,-2.680746,-35,-38,-47,6
21406,42.531427,0,71.481590,33.832275,171.254616,170.353710,-2.241279,-35,-38,-47,6
21407,42.765696,0,72.597145,33.384651,172.012696,171.430403,0.000000,-36,-38,-47,6
21408,42.882864,0,69.691093,33.608463,172.441176,168.431043,-0.900906,-35,-38,-46,6
21409,42.296807,0,72.373337,34.279900,173.545335,171.304056,-2.164373,-36,-38,-47,6
21410,42.648519,0,70.362526,33.608463,171.111789,169.331950,-1.702933,-35,-38,-47,6
21411,42.882838,0,67.900604,33.160839,168.881497,166.640217,-2.241279,-36,-38,-46,6
21412,42.414034,0,69.243469,33.160839,169.408856,168.183844,-1.329386,-35,-38,-46,6
21413,43.234514,0,71.257774,33.832275,171.957762,170.166936,-1.702933,-36,-38,-47,6
21414,42.531170,0,69.914902,33.160839,169.760430,168.870510,-0.889920,-36,-38,-47,6
21415,42.062514,0,74.611450,33.832275,173.649709,173.199255,-0.450453,-35,-38,-46,6
21416,42.531294,0,69.914902,33.160839,169.331950,168.892483,-1.340373,-35,-38,-47,6
21417,42.414096,0,72.149521,34.279900,174.188055,171.056856,-2.241279,-35,-38,-46,6
21418,41.945349,0,71.705399,33.608463,171.946776,170.606403,-1.340373,-35,-38,-47,6
21419,42.882834,0,67.452980,32.489407,166.618244,165.893124,-1.351360,-35,-38,-46,6
21420,42.765648,0,68.795845,32.713215,168.420057,167.475204,-0.450453,-35,-38,-47,6
21421,43.117121,0,71.593491,33.608463,171.869869,170.529496,-1.296426,-35,-38,-47,6
21422,42.765543,0,73.268585,33.608463,172.594989,172.144536,-0.450453,-35,-38,-46,6
21423,42.531331,0,74.163826,33.832275,173.353069,172.902615,-0.439467,-35,-38,-46,6
21424,42.765602,0,78.640060,32.713215,172.655416,176.226081,4.021119,-35,-38,-46,6
21425,42.531155,0,79.745132,32.265594,172.100589,176.912748,5.735038,-35,-38,-45,6
21426,42.414103,0,-63.550262,32.045280,172.452162,-160.872219,6.207465,-35,-38,-45,6
21427,43.702967,0,77.521004,32.045280,170.639363,175.528428,5.317545,-36,-38,-45,6
21428,43.351707,0,78.416252,31.597656,168.958403,176.011841,5.284585,-35,-38,-46,6
21429,42.179770,0,75.730507,32.265594,170.166936,174.177068,3.131199,-35,-38,-45,6
21430,42.414235,0,74.611450,33.384651,172.847682,173.353069,0.450453,-35,-38,-46,6
21431,43.351727,0,73.716209,33.608463,172.902615,172.452162,-0.450453,-35,-38,-46,6
21432,43.117279,0,70.810150,32.937027,168.639790,169.782403,-0.900906,-35,-38,-46,6
21433,42.648497,0,71.257774,33.384651,171.507309,170.210883,-0.900906,-36,-38,-47,6
21434,42.296793,0,69.914902,34.056087,171.990722,168.859523,-3.087252,-36,-38,-47,6
21435,42.765575,0,72.597145,34.056087,173.331095,171.540269,-1.790826,-35,-38,-47,6
21436,42.648411,0,69.914902,33.384651,170.166936,168.826563,-1.790826,-35,-38,-47,6
21437,43.585829,0,67.452980,34.056087,171.540269,165.893124,-3.570666,-35,-38,-47,6
21438,42.882834,0,69.467285,30.030973,153.494675,168.227790,-2.614826,-36,-38,-48,6
21439,42.648381,0,71.929207,33.832275,172.551042,170.760216,-1.790826,-35,-39,-48,6
21440,42.882853,0,69.467285,34.503708,172.880642,168.409070,-4.471572,-35,-39,-48,6
21441,42.531381,0,68.124413,33.608463,170.309763,166.739097,-3.120212,-35,-38,-47,6
21442,42.531424,0,69.243469,34.503708,172.540056,168.068484,-4.471572,-36,-39,-48,6
21443,42.882823,0,66.781540,33.384651,169.266030,165.299844,-3.131199,-35,-38,-48,6
21444,42.531402,0,67.900604,33.608463,169.963683,166.382031,-2.592853,-36,-38,-48,6
21445,43.468757,0,68.795845,34.727520,172.847682,167.541124,-5.306558,-36,-39,-48,6
21446,42.882743,0,69.243469,33.384651,169.771416,167.991577,-2.669759,-35,-38,-48,6
21447,43.000100,0,68.348221,33.832275,171.111789,167.090670,-2.691733,-35,-38,-47,6
21448,42.999980,0,66.781540,33.384651,168.431043,165.299844,-3.131199,-35,-39,-48,6
21449,42.765579,0,71.257774,34.503708,173.770562,170.188910,-3.581652,-36,-39,-48,6
21450,42.648431,0,67.676788,33.160839,168.420057,166.178777,-2.241279,-36,-39,-49,6
21451,42.765555,0,71.593491,32.489407,168.365123,170.529496,0.000000,-35,-38,-49,6
21452,42.882832,0,71.593491,32.937027,170.529496,170.529496,0.889920,-36,-39,-49,6
21453,42.531335,0,70.362526,33.832275,171.430403,169.189123,-2.241279,-35,-39,-49,6
21454,42.882786,0,72.597145,34.279900,173.342082,171.496323,-2.219306,-36,-39,-49,6
21455,42.648336,0,69.019661,32.937027,168.623310,167.722404,-0.900906,-35,-38,-47,6
21456,41.945281,0,72.820961,32.045280,168.189337,171.770989,2.680746,-35,-38,-46,6
21457,42.296796,0,79.745132,32.713215,172.902615,176.857814,3.955199,-35,-38,-45,6
21458,42.531262,0,82.654686,32.489407,172.452162,178.275094,4.911039,-35,-38,-45,6
21459,42.414059,0,79.745132,33.160839,174.715415,176.857814,3.581652,-35,-38,-45,6
21460,42.882918,0,76.401947,33.384651,172.847682,174.638508,1.296426,-35,-38,-45,6
21461,43.117350,0,72.149521,33.832275,172.397229,171.056856,-1.340373,-36,-38,-46,6
21462,43.117367,0,76.401947,33.832275,172.990509,174.715415,-1.329386,-35,-38,-46,6
21463,42.765665,0,70.586342,32.937027,169.474776,169.474776,-0.450453,-35,-38,-47,6
21464,42.531293,0,72.820961,33.384651,171.765496,171.765496,0.000000,-35,-38,-46,6
21465,42.179838,0,72.149521,33.160839,170.617389,171.056856,0.000000,-35,-38,-46,6
21466,43.117238,0,76.849571,33.608463,172.847682,175.088961,-0.450453,-35,-38,-46,6
21467,43.117077,0,76.849571,33.608463,173.803522,175.088961,0.889920,-35,-38,-46,6
21468,43.117074,0,77.744812,33.608463,174.330882,175.583361,1.252480,-35,-38,-46,6
21469,43.468799,0,75.282890,32.937027,171.507309,173.748589,1.790826,-36,-38,-46,6
21470,43.351725,0,77.744812,33.160839,173.353069,175.594348,2.241279,-35,-38,-46,6
21471,42.531402,0,77.521004,33.384651,173.495895,175.539415,2.021546,-36,-38,-46,6
21472,42.648371,0,71.929207,32.045280,169.073763,170.864589,3.142186,-35,-38,-46,6
21473,43.117268,0,75.059074,32.937027,171.419416,173.660695,1.790826,-35,-38,-46,6
21474,42.882794,0,76.401947,28.240480,170.749229,174.693442,23.407086,-36,-38,-46,6
21475,42.648474,0,75.282890,33.384651,172.770775,173.748589,0.889920,-35,-38,-46,6
21476,42.179613,0,76.401947,32.489407,170.458083,174.682455,2.230293,-35,-38,-46,6
21477,42.531216,0,76.401947,32.713215,171.551256,174.693442,3.142186,-36,-39,-46,6
21478,42.179726,0,79.087685,33.384651,174.232002,176.418348,1.790826,-35,-38,-46,6
21479,43.351584,0,72.149521,32.713215,169.771416,171.089816,1.329386,-35,-38,-46,6
21480,42.414125,0,76.849571,33.608463,173.792535,175.066988,0.889920,-35,-38,-46,6
21481,42.765558,0,76.849571,33.384651,173.287149,175.077975,1.790826,-35,-38,-45,6
21482,42.413971,0,83.773743,33.608463,175.594348,178.648640,2.230293,-35,-38,-45,6
21483,42.765535,0,-79.087685,30.702410,170.661336,-176.418348,10.668050,-35,-38,-46,6
21484,42.531162,0,79.087685,33.160839,173.737602,176.418348,2.680746,-35,-38,-45,6
21485,42.648521,0,78.192436,31.821466,169.309977,175.978881,4.856105,-35,-38,-45,6
21486,42.531293,0,76.625755,33.608463,173.045442,174.836268,0.450453,-35,-38,-46,6
21487,42.648374,0,76.401947,33.160839,172.847682,174.638508,1.790826,-35,-38,-45,6
21488,42.882737,0,80.640381,33.384651,174.638508,177.308267,2.669759,-35,-38,-46,6
21489,43.351473,0,75.730507,32.045280,168.431043,174.199042,3.131199,-35,-38,-45,6
21490,42.062538,0,74.611450,32.937027,171.551256,173.342082,1.790826,-35,-38,-46,6
21491,42.999890,0,75.730507,32.713215,171.419416,174.188055,2.230293,-35,-38,-45,6
21492,42.648607,0,78.192436,32.265594,169.628590,175.978881,3.131199,-35,-38,-45,6
21493,42.648547,0,76.849571,33.608463,174.188055,175.088961,1.340373,-35,-38,-45,6
21494,43.000093,0,77.073380,33.384651,173.331095,175.143895,1.790826,-35,-38,-46,6
21495,42.296889,0,75.730507,33.608463,174.242988,174.242988,0.889920,-35,-38,-46,6
21496,42.296805,0,74.611450,33.160839,172.001709,173.298135,1.296426,-35,-38,-46,6
21497,42.414189,0,77.073380,33.160839,172.847682,175.143895,1.779839,-35,-38,-45,6
21498,42.999985,0,76.849571,33.384651,174.188055,175.088961,1.779839,-35,-38,-45,6
21499,42.414101,0,79.745132,33.608463,175.143895,176.868801,1.724906,-35,-38,-45,6
21500,42.765601,0,75.730507,33.608463,173.792535,174.242988,0.450453,-35,-38,-46,6
21501,43.117147,0,79.745132,33.608463,175.077975,176.868801,1.790826,-36,-38,-45,6
21502,42.296826,0,76.401947,33.160839,172.902615,174.693442,1.790826,-36,-38,-45,6
21503,42.414038,0,76.401947,32.937027,172.397229,174.627522,2.230293,-36,-38,-46,6
21504,42.413949,0,78.192436,33.608463,175.088961,175.989868,1.724906,-35,-38,-45,6
21505,42.296931,0,76.401947,32.937027,172.397229,174.638508,2.230293,-35,-38,-45,6
21506,42.296771,0,74.611450,32.713215,170.672323,173.353069,2.241279,-35,-38,-45,6
21507,42.765856,0,75.730507,32.045280,168.431043,174.188055,2.230293,-36,-38,-46,6
21508,42.179857,0,76.849571,32.045280,169.298990,175.077975,3.334452,-35,-38,-45,6
21509,41.945396,0,73.716209,32.937027,171.199683,172.540056,1.340373,-35,-38,-46,6
21510,42.765560,0,77.073380,32.937027,171.765496,175.121921,2.241279,-35,-38,-45,6
21511,43.586014,0,77.744812,32.937027,172.847682,175.616321,2.625813,-35,-38,-46,6
21512,42.179774,0,77.521004,33.384651,173.737602,175.539415,2.241279,-36,-38,-46,6
21513,42.296937,0,76.401947,33.384651,173.353069,174.627522,1.274453,-35,-38,-45,6
21514,42.531201,0,77.744812,33.384651,173.803522,175.594348,1.790826,-36,-38,-46,6
21515,42.414098,0,79.745132,34.056087,174.638508,176.868801,-0.450453,-35,-38,-45,6
21516,42.414045,0,77.521004,32.713215,171.265603,175.528428,2.241279,-35,-38,-45,6
21517,42.179728,0,76.401947,32.713215,171.111789,174.671468,1.790826,-36,-38,-46,6
21518,42.531269,0,81.535622,33.608463,174.627522,177.758721,1.790826,-35,-38,-45,6
21519,42.648435,0,75.059074,32.937027,171.507309,173.737602,1.351360,-35,-38,-45,6
21520,42.179816,0,78.192436,33.608463,174.188055,175.978881,1.340373,-35,-38,-46,6
21521,42.765583,0,76.849571,33.608463,174.638508,175.088961,1.340373,-35,-38,-46,6
21522,42.531286,0,79.087685,33.384651,174.638508,176.484268,2.241279,-35,-38,-45,6
21523,43.000172,0,78.192436,33.608463,174.627522,175.978881,1.351360,-35,-38,-45,6
21524,42.882744,0,75.730507,32.713215,171.540269,174.188055,2.230293,-35,-38,-46,6
21525,42.414192,0,72.149521,32.713215,170.661336,171.111789,1.340373,-35,-38,-46,6
21526,42.414101,0,75.730507,33.160839,172.759789,174.111148,1.340373,-35,-38,-45,6
21527,42.765621,0,77.297195,33.384651,173.748589,175.286721,1.340373,-35,-38,-45,6
21528,42.648502,0,76.178131,33.160839,172.759789,174.550615,1.790826,-35,-38,-45,6
21529,42.882770,0,74.163826,32.713215,170.979949,172.847682,1.867733,-35,-38,-46,6
21530,42.765647,0,76.401947,33.384651,172.847682,174.638508,1.340373,-35,-38,-45,6
21531,43.234265,0,77.521004,33.832275,174.638508,175.539415,0.900906,-35,-38,-46,6
21532,41.828112,0,75.730507,33.384651,172.770775,174.188055,0.439467,-36,-38,-46,6
21533,42.765560,0,79.087685,32.489407,171.957762,176.418348,4.471572,-35,-38,-45,6
21534,42.296914,0,75.059074,32.937027,172.012696,173.737602,1.724906,-35,-38,-45,6
21535,42.648363,0,76.401947,33.608463,173.737602,174.638508,0.889920,-35,-38,-45,6
21536,42.414195,0,77.744812,33.384651,173.770562,175.561388,1.790826,-36,-38,-46,6
21537,42.648424,0,74.611450,32.937027,171.573229,173.298135,1.724906,-36,-38,-45,6
21538,43.117238,0,75.282890,33.160839,172.408216,173.748589,1.351360,-35,-38,-45,6
21539,43.000006,0,79.745132,33.608463,175.121921,176.868801,1.790826,-35,-38,-45,6
21540,42.882940,0,76.401947,33.384651,173.298135,174.638508,1.340373,-36,-38,-46,6
21541,42.179677,0,73.492393,32.713215,170.672323,172.397229,2.230293,-35,-38,-45,6
21542,43.351617,0,74.163826,32.937027,171.562243,172.902615,1.285440,-35,-38,-45,6
21543,42.179567,0,74.611450,32.713215,171.100803,173.375042,2.186346,-35,-38,-45,6
21544,42.296831,0,76.849571,33.384651,173.748589,175.088961,1.340373,-35,-38,-46,6
21545,42.882764,0,74.163826,32.713215,170.650349,172.847682,2.197333,-35,-38,-45,6
21546,42.648324,0,75.730507,34.056087,174.188055,174.188055,-1.274453,-35,-38,-45,6
21547,43.117128,0,75.730507,33.384651,172.891629,174.232002,1.340373,-35,-38,-45,6
21548,42.648528,0,74.611450,33.160839,172.397229,173.298135,1.340373,-35,-38,-45,6
21549,42.414102,0,73.268585,32.489407,169.963683,172.204962,2.241279,-35,-38,-45,6
21550,42.531266,0,78.416252,33.608463,174.264962,176.033815,1.340373,-36,-38,-45,6
21551,42.765563,0,79.521317,33.384651,174.550615,176.791894,2.241279,-36,-38,-46,6
21552,42.179728,0,77.521004,33.160839,173.737602,175.528428,3.131199,-35,-38,-46,6
21553,43.000009,0,75.282890,31.597656,168.639790,173.792535,4.471572,-35,-38,-45,6
21554,42.765545,0,77.744812,33.384651,173.891415,175.594348,1.724906,-36,-38,-46,6
21555,41.945325,0,76.401947,33.384651,173.298135,174.627522,1.340373,-35,-38,-45,6
21556,42.765670,0,76.401947,32.713215,171.880856,174.638508,2.680746,-35,-38,-45,6
21557,42.414215,0,73.716209,32.937027,171.419416,172.605976,1.285440,-36,-38,-45,6
21558,42.531291,0,79.087685,33.608463,174.627522,176.418348,1.790826,-35,-38,-46,6
21559,42.531140,0,76.401947,32.937027,171.946776,174.671468,1.790826,-35,-38,-45,6
21560,42.531272,0,76.625755,33.608463,174.100162,174.836268,1.340373,-35,-38,-45,6
21561,43.000114,0,75.730507,32.937027,171.990722,174.221015,2.230293,-35,-38,-45,6
21562,42.531239,0,74.163826,32.489407,170.650349,172.847682,2.680746,-35,-38,-45,6
21563,42.296803,0,78.192436,33.832275,174.627522,175.967895,0.889920,-35,-38,-45,6
21564,42.179565,0,75.059074,33.160839,172.463149,173.737602,1.790826,-36,-38,-45,6
21565,43.117099,0,77.521004,33.160839,173.298135,175.528428,2.230293,-35,-38,-45,6
21566,42.999920,0,74.835266,32.937027,171.754509,173.534349,1.779839,-35,-38,-45,6
21567,42.179725,0,75.059074,33.160839,172.408216,173.737602,1.779839,-35,-38,-46,6
21568,43.000071,0,75.059074,33.160839,171.946776,173.737602,0.900906,-35,-38,-45,6
21569,42.179747,0,76.178131,33.160839,172.204962,174.446242,1.724906,-35,-38,-45,6
21570,43.351567,0,75.506699,32.937027,171.770989,173.946348,2.175359,-35,-38,-46,6
21571,43.585968,0,74.835266,28.016670,169.925230,173.429975,22.709433,-35,-38,-46,6
21572,42.179613,0,76.401947,33.160839,172.847682,174.638508,1.790826,-35,-38,-45,6
21573,41.945464,0,73.716209,32.937027,171.254616,172.605976,1.340373,-35,-38,-46,6
21574,43.468825,0,75.730507,33.608463,173.770562,174.221015,0.889920,-35,-38,-46,6
21575,41.945321,0,71.705399,33.160839,171.430403,170.606403,0.450453,-35,-38,-45,6
21576,42.648436,0,79.087685,33.384651,173.748589,176.418348,1.296426,-35,-38,-46,6
21577,43.000013,0,76.849571,33.384651,173.737602,175.066988,1.329386,-35,-38,-45,6
21578,42.765640,0,76.401947,32.265594,169.024323,174.627522,2.625813,-35,-38,-45,6
21579,42.765581,0,76.401947,33.384651,173.660695,174.638508,1.417280,-35,-38,-45,6
21580,42.882723,0,73.492393,32.937027,170.979949,172.309336,1.329386,-35,-38,-46,6
21581,42.531135,0,75.730507,33.832275,174.638508,174.242988,0.889920,-35,-38,-45,6
21582,43.820226,0,75.730507,33.160839,171.946776,174.188055,0.889920,-36,-38,-45,6
21583,42.648588,0,79.087685,33.608463,174.638508,176.429334,1.790826,-35,-38,-46,6
21584,42.765668,0,75.282890,32.937027,171.990722,173.781549,1.790826,-35,-38,-46,6
21585,42.765796,0,74.611450,32.489407,170.672323,173.298135,2.625813,-36,-38,-46,6
21586,42.531329,0,76.849571,33.384651,173.748589,175.088961,1.340373,-35,-38,-46,6
21587,42.179882,0,74.611450,33.384651,173.342082,173.353069,0.889920,-35,-38,-46,6
21588,42.297045,0,76.401947,33.384651,172.902615,174.693442,1.351360,-36,-38,-46,6
21589,43.117279,0,77.073380,33.160839,172.452162,175.143895,1.790826,-35,-38,-45,6
21590,41.945350,0,74.611450,33.160839,171.946776,173.287149,1.340373,-35,-38,-46,6
21591,43.117166,0,75.282890,33.160839,171.957762,173.748589,0.900906,-36,-38,-45,6
21592,42.062510,0,79.087685,33.832275,175.077975,176.418348,1.340373,-35,-38,-46,6
21593,42.531336,0,73.492393,32.265594,170.221870,172.397229,3.493759,-35,-38,-45,6
21594,41.945486,0,75.506699,32.713215,171.304056,173.984802,2.636799,-35,-38,-45,6
21595,42.882792,0,78.192436,33.384651,173.331095,175.989868,1.351360,-36,-38,-46,6
21596,42.882751,0,74.835266,32.937027,171.507309,173.495895,1.340373,-35,-38,-45,6
21597,42.414144,0,76.401947,33.384651,173.342082,174.627522,1.285440,-35,-38,-46,6
21598,43.234403,0,76.401947,32.937027,172.441176,174.671468,2.230293,-35,-38,-46,6
21599,43.351570,0,75.282890,33.384651,172.847682,173.748589,0.900906,-35,-38,-45,6
21600,42.765592,0,77.073380,32.045280,169.331950,175.132908,3.581652,-35,-38,-46,6
21601,43.117265,0,76.401947,33.160839,172.770775,174.638508,1.867733,-35,-38,-45,6
21602,42.531243,0,77.521004,33.832275,174.638508,175.539415,0.450453,-36,-38,-46,6
21603,42.648328,0,76.401947,32.937027,172.660909,174.693442,2.241279,-35,-38,-46,6
21604,42.648476,0,73.492393,33.160839,171.430403,172.408216,0.450453,-35,-38,-45,6
21605,42.765795,0,77.073380,33.384651,173.331095,175.143895,1.329386,-35,-38,-45,6
21606,43.234426,0,76.401947,33.384651,173.353069,174.693442,1.340373,-35,-38,-46,6
21607,43.585987,0,75.730507,33.384651,173.298135,174.188055,0.889920,-35,-38,-45,6
21608,42.999888,0,73.716209,32.937027,171.650136,172.540056,1.790826,-35,-38,-46,6
21609,43.000080,0,75.282890,32.713215,171.540269,173.770562,2.230293,-35,-38,-45,6
21610,42.765819,0,75.282890,32.489407,171.056856,173.748589,2.680746,-35,-38,-46,6
21611,42.531314,0,75.730507,33.384651,173.353069,174.242988,0.889920,-35,-38,-45,6
21612,42.765637,0,73.716209,32.937027,171.100803,172.441176,1.340373,-35,-38,-45,6
21613,42.414095,0,75.730507,33.384651,172.902615,174.253975,1.351360,-36,-38,-46,6
21614,42.648416,0,76.849571,33.608463,174.177068,175.066988,0.889920,-36,-38,-46,6
21615,42.414011,0,75.059074,33.160839,172.408216,173.737602,1.329386,-35,-38,-45,6
21616,42.648411,0,74.163826,33.160839,172.331309,172.847682,1.724906,-35,-38,-45,6
21617,41.945260,0,77.297195,33.608463,174.446242,175.336161,1.351360,-35,-38,-46,6
21618,42.296751,0,73.044769,32.713215,170.155950,171.946776,1.329386,-36,-38,-46,6
21619,42.531262,0,77.073380,33.160839,171.957762,175.121921,1.340373,-35,-38,-45,6
21620,42.765568,0,74.611450,32.937027,171.540269,173.331095,1.790826,-36,-38,-46,6
21621,43.117217,0,75.730507,33.160839,172.320322,174.100162,0.900906,-35,-38,-46,6
21622,43.234470,0,70.810150,32.265594,169.408856,169.716483,3.043306,-35,-38,-45,6
21623,42.765796,0,76.849571,33.608463,175.077975,175.077975,1.790826,-35,-38,-45,6
21624,42.414217,0,76.401947,32.713215,171.507309,174.627522,2.691733,-35,-38,-45,6
21625,42.179661,0,79.087685,33.160839,173.353069,176.429334,2.230293,-35,-38,-45,6
21626,42.882884,0,76.849571,33.384651,173.748589,175.077975,1.779839,-35,-38,-45,6
21627,42.765717,0,77.521004,33.384651,172.891629,175.528428,1.340373,-35,-38,-46,6
21628,42.297002,0,74.163826,32.713215,170.661336,172.902615,2.241279,-35,-38,-45,6
21629,43.000087,0,76.401947,33.160839,172.902615,174.693442,1.724906,-35,-38,-45,6
21630,43.351553,0,74.611450,33.384651,172.012696,173.221229,0.450453,-35,-38,-46,6
21631,41.945308,0,74.611450,33.384651,173.353069,173.353069,0.889920,-35,-38,-45,6
21632,42.882774,0,74.163826,32.937027,171.979736,172.880642,1.790826,-35,-38,-45,6
21633,42.531231,0,74.163826,32.713215,170.661336,172.847682,1.867733,-35,-38,-45,6
21634,41.945260,0,77.073380,33.608463,173.440962,175.231788,0.900906,-35,-38,-46,6
21635,42.531178,0,74.611450,32.937027,171.430403,173.221229,1.340373,-36,-38,-46,6
21636,42.765749,0,75.059074,33.160839,172.155522,173.737602,0.889920,-35,-38,-46,6
21637,42.765517,0,75.282890,33.608463,173.331095,173.781549,0.450453,-36,-38,-46,6
21638,42.648327,0,76.849571,33.384651,173.748589,175.088961,1.340373,-35,-38,-45,6
21639,42.297004,0,75.730507,33.384651,173.353069,174.242988,1.790826,-35,-38,-45,6
21640,42.062498,0,75.282890,32.713215,171.111789,173.803522,2.241279,-35,-38,-45,6
21641,42.531296,0,74.163826,33.384651,172.452162,172.902615,0.889920,-35,-38,-45,6
21642,43.000035,0,75.059074,33.160839,171.990722,173.737602,1.340373,-35,-38,-46,6
21643,43.234469,0,72.373337,32.713215,168.859523,171.304056,-0.439467,-35,-38,-45,6
21644,42.882859,0,74.163826,33.384651,172.430189,172.880642,0.900906,-35,-38,-45,6
21645,42.179681,0,75.282890,32.713215,171.199683,173.891415,2.680746,-35,-38,-45,6
21646,42.765582,0,76.849571,33.160839,172.847682,175.088961,2.164373,-35,-38,-46,6
21647,43.000111,0,74.611450,33.160839,171.946776,173.287149,1.340373,-35,-38,-45,6
21648,43.234377,0,74.163826,32.265594,170.007630,172.880642,2.680746,-35,-38,-45,6
21649,42.296804,0,75.506699,33.160839,172.655416,173.995788,1.340373,-35,-38,-46,6
21650,42.531201,0,75.059074,33.384651,172.847682,173.737602,0.889920,-35,-38,-45,6
21651,43.586123,0,72.597145,32.713215,170.606403,171.507309,1.340373,-35,-38,-45,6
21652,42.413958,0,73.044769,32.713215,170.617389,171.957762,1.340373,-35,-38,-45,6
21653,43.117283,0,-66.557732,32.713215,170.979949,-164.860378,2.230293,-35,-38,-46,6
21654,42.297026,0,77.521004,33.160839,173.298135,175.528428,2.230293,-35,-38,-45,6
21655,43.820298,0,74.387642,32.713215,170.897549,173.094882,2.164373,-35,-38,-45,6
21656,42.414069,0,75.730507,32.713215,170.661336,174.177068,2.241279,-35,-38,-46,6
21657,42.531245,0,75.282890,33.384651,172.880642,173.781549,0.450453,-35,-38,-46,6
21658,42.414076,0,75.954323,32.937027,172.089602,174.330882,2.241279,-35,-38,-46,6
21659,42.765632,0,76.849571,33.384651,173.353069,175.088961,0.900906,-35,-38,-45,6
21660,42.531384,0,73.268585,32.489407,169.771416,172.012696,2.241279,-35,-38,-46,6
21661,43.234338,0,75.282890,32.937027,171.650136,173.880428,2.230293,-35,-38,-46,6
21662,42.648402,0,74.163826,33.384651,171.562243,172.902615,0.000000,-35,-38,-45,6
21663,42.531129,0,71.705399,32.713215,170.749229,170.650349,2.230293,-35,-38,-45,6
21664,42.531241,0,77.744812,33.384651,172.408216,175.572375,0.889920,-35,-38,-45,6
21665,42.531176,0,75.282890,32.937027,171.990722,173.781549,1.790826,-35,-38,-45,6
21666,42.531423,0,76.401947,33.384651,172.847682,174.638508,1.340373,-35,-38,-45,6
21667,43.117237,0,78.416252,33.832275,174.693442,176.033815,0.439467,-36,-38,-46,6
21668,42.648341,0,74.611450,33.384651,172.430189,173.331095,0.900906,-36,-38,-46,6
21669,43.117101,0,76.401947,33.608463,173.781549,174.682455,0.900906,-35,-38,-46,6
21670,42.765683,0,74.611450,32.489407,170.672323,173.353069,2.680746,-35,-38,-46,6
21671,43.117260,0,76.849571,32.265594,169.320963,175.077975,2.241279,-35,-38,-46,6
21672,42.765714,0,74.611450,32.713215,170.979949,173.199255,1.724906,-36,-38,-45,6
21673,42.296807,0,77.297195,33.608463,174.242988,175.286721,0.834986,-35,-38,-45,6
21674,41.945349,0,75.059074,33.608463,173.737602,173.737602,0.450453,-36,-38,-46,6
21675,42.062468,0,76.401947,34.056087,174.715415,174.715415,0.000000,-36,-38,-45,6
21676,42.531206,0,75.059074,33.384651,172.847682,173.649709,0.889920,-35,-38,-45,6
21677,43.000046,0,79.745132,33.608463,174.638508,176.879788,1.340373,-35,-38,-45,6
21678,42.531160,0,72.373337,32.489407,169.513230,171.304056,1.790826,-35,-38,-45,6
21679,42.765536,0,73.492393,32.713215,170.661336,172.408216,1.340373,-35,-38,-45,6
21680,42.765512,0,75.282890,33.160839,171.551256,173.792535,0.900906,-35,-38,-46,6
21681,43.000125,0,75.730507,33.608463,173.792535,174.242988,1.274453,-36,-38,-45,6
21682,42.531357,0,74.611450,32.937027,171.507309,173.298135,1.790826,-35,-38,-45,6
21683,43.000079,0,75.282890,33.160839,172.452162,173.792535,1.340373,-35,-38,-45,6
21684,42.999927,0,73.716209,33.384651,172.463149,172.463149,0.000000,-35,-38,-45,6
21685,42.062310,0,70.362526,33.384651,171.419416,169.309977,-0.889920,-35,-38,-46,6
21686,42.531376,0,69.243469,34.056087,171.562243,167.991577,-3.493759,-35,-38,-48,6
21687,42.648364,0,68.795845,32.937027,169.859310,167.683950,0.450453,-35,-39,-49,6
21688,43.468851,0,74.163826,27.569046,166.508377,172.880642,22.022767,-35,-39,-49,6
21689,42.531242,0,80.640381,30.478598,166.728111,177.319254,8.426771,-35,-39,-49,6
21690,42.648444,0,85.340424,31.821466,171.880856,179.110080,7.229225,-35,-38,-49,6
21691,43.117234,0,79.745132,32.265594,171.946776,176.868801,4.922025,-35,-39,-49,6
21692,43.351569,0,77.073380,32.265594,171.089816,175.121921,4.032105,-35,-39,-49,6
21693,42.296795,0,71.705399,28.240480,169.266030,170.617389,21.918394,-35,-38,-48,6
21694,42.531332,0,72.597145,33.608463,171.957762,171.507309,-1.340373,-35,-39,-48,6
21695,42.296886,0,74.163826,33.832275,173.331095,172.891629,-0.900906,-35,-38,-47,6
21696,42.531361,0,73.716209,33.160839,171.650136,172.551042,0.450453,-35,-38,-47,6
21697,42.531122,0,73.044769,33.608463,172.430189,171.979736,-0.450453,-35,-38,-47,6
21698,42.062628,0,73.268585,33.832275,173.660695,172.012696,-0.384533,-36,-38,-47,6
21699,43.585718,0,70.810150,33.160839,169.782403,169.782403,-1.340373,-36,-38,-47,6
21700,43.234499,0,56.615601,28.911917,149.473556,150.017396,-1.340373,-39,-38,-48,6
21701,42.531263,0,69.691093,33.384651,170.221870,168.431043,-1.340373,-36,-38,-47,6
21702,43.000139,0,70.586342,33.608463,171.639149,169.474776,-1.779839,-36,-38,-48,6
21703,42.179790,0,71.257774,33.608463,171.551256,170.199896,-1.351360,-35,-38,-48,6
21704,42.414210,0,67.900604,32.937027,168.431043,166.640217,-1.790826,-35,-39,-49,6
21705,42.296956,0,73.940018,34.056087,174.012268,172.671896,-1.340373,-35,-39,-49,6
21706,42.179704,0,72.597145,33.160839,171.100803,171.551256,0.450453,-35,-38,-50,6
21707,42.765643,0,71.257774,33.832275,172.001709,170.221870,-1.790826,-35,-38,-49,6
21708,42.531204,0,70.362526,33.384651,170.672323,169.331950,-1.340373,-36,-38,-48,6
21709,42.999920,0,74.163826,33.384651,171.990722,172.924589,0.450453,-35,-38,-47,6
21710,42.882729,0,74.611450,32.713215,169.980163,173.342082,1.274453,-35,-38,-46,6
21711,42.765517,0,74.611450,33.384651,172.847682,173.298135,0.450453,-35,-38,-47,6
21712,42.531271,0,69.243469,33.160839,169.331950,167.991577,-1.340373,-35,-38,-47,6
21713,42.414234,0,69.355377,34.056087,172.452162,168.189337,-3.043306,-35,-38,-47,6
21714,41.711018,0,71.033966,33.608463,171.551256,169.914243,-1.340373,-36,-38,-48,6
21715,42.765702,0,68.795845,33.384651,169.309977,167.519150,-2.241279,-35,-38,-48,6
21716,42.531314,0,70.362526,34.056087,172.001709,169.331950,-2.592853,-36,-39,-48,6
21717,43.000047,0,70.810150,33.832275,171.419416,169.628590,-2.241279,-36,-38,-48,6
21718,43.000127,0,-73.492393,28.688105,168.859523,-172.408216,18.732261,-35,-38,-48,6
21719,42.179796,0,72.597145,34.279900,173.298135,171.419416,-3.065279,-36,-39,-48,6
21720,42.414150,0,70.810150,34.279900,173.660695,169.639576,-2.691733,-36,-38,-48,6
21721,42.413993,0,68.572037,33.832275,170.606403,167.398297,-3.208106,-35,-38,-48,6
21722,42.414102,0,70.362526,33.832275,171.419416,169.189123,-2.230293,-35,-38,-48,6
21723,42.062647,0,68.795845,33.608463,170.166936,167.541124,-3.076266,-35,-38,-48,6
21724,42.531365,0,72.149521,33.832275,170.853603,170.979949,-2.680746,-35,-38,-48,6
21725,42.413994,0,69.579185,33.384651,170.606403,168.420057,-1.340373,-35,-38,-48,6
21726,41.710975,0,69.243469,33.160839,168.431043,168.134404,-2.680746,-35,-39,-48,6
21727,41.945279,0,57.510845,33.384651,170.155950,151.714835,-2.175359,-36,-39,-48,6
21728,42.648393,0,69.019661,34.056087,171.650136,167.848750,-3.131199,-35,-38,-48,6
21729,43.234523,0,69.467285,33.608463,170.540483,168.299203,-2.241279,-35,-38,-48,6
21730,42.413981,0,70.810150,34.056087,172.397229,169.760430,-2.241279,-36,-38,-48,6
21731,42.648405,0,70.810150,34.279900,173.660695,169.628590,-2.021546,-35,-38,-48,6
21732,42.414148,0,-69.243469,28.911917,171.111789,-167.969604,20.138554,-35,-38,-48,6
21733,43.117146,0,69.691093,34.279900,172.012696,168.431043,-3.581652,-35,-38,-49,6
21734,42.648589,0,70.586342,33.832275,171.650136,169.408856,-2.625813,-35,-39,-48,6
21735,42.296889,0,72.597145,34.727520,174.671468,171.573229,-3.131199,-35,-38,-48,6
21736,43.234429,0,72.597145,33.832275,172.847682,171.507309,-1.340373,-36,-39,-48,6
21737,43.234384,0,-69.914902,33.384651,169.859310,-168.815577,-2.186346,-35,-38,-48,6
21738,43.234453,0,69.579185,33.384651,170.606403,168.420057,-1.790826,-35,-38,-49,6
21739,43.000162,0,72.373337,34.056087,173.737602,171.348003,-1.296426,-35,-38,-49,6
21740,43.351636,0,71.257774,32.489407,169.309977,170.199896,1.790826,-35,-38,-50,6
21741,42.648350,0,70.810150,33.384651,170.650349,169.760430,-0.889920,-35,-39,-49,6
21742,42.414078,0,73.492393,33.384651,171.507309,172.408216,0.000000,-35,-39,-50,6
21743,42.296884,0,-67.900604,27.569046,167.068697,-166.629231,22.599567,-35,-38,-50,6
21744,42.882843,0,76.401947,32.713215,171.562243,174.693442,2.680746,-35,-38,-50,6
21745,42.531247,0,-67.900604,28.464293,169.331950,-166.640217,19.863887,-35,-38,-50,6
21746,42.414145,0,77.521004,32.713215,172.320322,175.528428,3.208106,-35,-39,-50,6
21747,42.882880,0,76.401947,33.160839,173.353069,174.693442,2.625813,-35,-38,-50,6
21748,42.882813,0,76.401947,27.569046,168.431043,174.715415,23.720206,-35,-38,-49,6
21749,42.765648,0,76.849571,32.489407,171.946776,175.077975,4.482559,-35,-39,-50,6
21750,42.765667,0,81.535622,32.045280,171.946776,177.758721,5.811945,-35,-39,-49,6
21751,42.414126,0,-66.781540,31.821466,172.001709,-165.288858,7.355571,-35,-39,-49,6
21752,43.585985,0,-85.340424,31.373844,171.315043,-179.099094,8.943144,-35,-39,-49,6
21753,43.468730,0,80.640381,31.821466,171.573229,177.352214,7.152318,-35,-39,-49,6
21754,42.296767,0,79.745132,31.373844,170.199896,176.868801,7.899411,-35,-38,-49,6
21755,41.945347,0,82.654686,32.265594,172.408216,178.209174,5.361492,-35,-38,-49,6
21756,43.468846,0,81.535622,33.160839,175.967895,177.769707,4.922025,-35,-38,-48,6
21757,42.296980,0,80.640381,31.373844,168.442030,177.319254,5.778985,-35,-39,-48,6
21758,43.117196,0,82.654686,32.489407,172.847682,178.209174,4.911039,-35,-39,-49,6
21759,42.648478,0,-64.669319,28.240480,170.221870,-162.322459,22.709433,-35,-39,-49,6
21760,42.179705,0,78.416252,32.937027,173.660695,176.033815,3.658559,-35,-38,-49,6
21761,42.882904,0,80.640381,30.478598,167.178564,177.319254,8.426771,-35,-39,-49,6
21762,43.703292,0,79.087685,32.713215,172.540056,176.418348,3.977172,-35,-38,-49,6
21763,42.296909,0,77.297195,32.489407,171.304056,175.336161,3.515732,-35,-39,-49,6
21764,42.531229,0,79.745132,31.597656,170.672323,176.879788,6.894131,-35,-39,-48,6
21765,43.000140,0,76.401947,32.265594,170.540483,174.638508,3.208106,-35,-39,-49,6
21766,42.765713,0,80.640381,32.489407,172.463149,177.319254,4.416639,-35,-39,-49,6
21767,42.414149,0,79.745132,31.821466,170.672323,176.868801,6.207465,-35,-39,-49,6
21768,42.648606,0,81.535622,32.045280,172.397229,177.769707,6.262398,-35,-39,-49,6
21769,43.351698,0,80.416565,32.265594,171.869869,177.231361,5.361492,-35,-39,-49,6
21770,43.000078,0,77.297195,32.045280,170.430616,175.286721,4.856105,-35,-38,-49,6
21771,42.531356,0,78.416252,32.045280,171.056856,176.033815,4.922025,-35,-39,-49,6
21772,42.648551,0,-65.438675,32.265594,171.869869,-163.487045,4.911039,-35,-39,-49,6
21773,42.179650,0,81.535622,28.016670,170.650349,177.758721,23.720206,-35,-39,-49,6
21774,43.585963,0,82.654686,32.265594,172.397229,178.253121,5.372478,-35,-39,-49,6
21775,42.414081,0,-74.611450,31.261938,173.803522,-173.353069,11.634877,-35,-39,-50,6
21776,43.351682,0,80.640381,32.713215,173.298135,177.319254,4.021119,-35,-38,-49,6
21777,42.531292,0,77.521004,33.160839,173.660695,175.528428,2.768639,-35,-39,-49,6
21778,42.179748,0,77.297195,32.045280,170.606403,175.336161,4.911039,-35,-39,-49,6
21779,42.882702,0,79.087685,28.464293,171.562243,176.484268,22.956633,-35,-38,-49,6
21780,42.414104,0,79.087685,31.821466,171.089816,176.429334,6.657918,-35,-38,-49,6
21781,42.531200,0,79.745132,32.265594,171.990722,176.879788,4.674825,-35,-38,-49,6
21782,41.945437,0,81.535622,33.384651,175.121921,177.802667,2.691733,-35,-39,-49,6
21783,43.234454,0,79.745132,32.045280,171.056856,176.868801,5.361492,-35,-39,-49,6
21784,43.000058,0,-67.005356,32.489407,171.650136,-165.343791,3.966185,-35,-39,-49,6
21785,42.531332,0,-68.795845,28.464293,170.199896,-167.475204,21.627247,-35,-38,-49,6
21786,42.179621,0,77.744812,32.489407,172.880642,175.561388,4.922025,-36,-39,-49,6
21787,42.648609,0,77.521004,32.045280,170.529496,175.440535,4.911039,-35,-39,-49,6
21788,42.414027,0,79.087685,32.265594,171.957762,176.484268,4.911039,-35,-38,-49,6
21789,42.531291,0,77.521004,32.045280,170.529496,175.528428,4.998932,-35,-39,-49,6
21790,43.000058,0,79.087685,32.713215,172.847682,176.418348,3.581652,-35,-39,-49,6
21791,43.351679,0,79.087685,31.373844,169.298990,176.418348,7.119358,-35,-38,-49,6
21792,43.820389,0,78.192436,32.045280,170.650349,175.978881,5.361492,-35,-39,-49,6
21793,42.531312,0,82.654686,32.713215,173.737602,178.275094,4.933012,-35,-38,-49,6
21794,42.765730,0,81.535622,32.265594,171.946776,177.758721,5.306558,-35,-39,-49,6
21795,42.179859,0,79.745132,31.597656,170.749229,176.868801,6.646931,-35,-39,-49,6
21796,42.531288,0,79.745132,32.045280,172.204962,176.868801,6.350291,-35,-39,-49,6
21797,42.414050,0,78.192436,30.702410,166.728111,175.989868,6.701865,-35,-39,-49,6
21798,42.179680,0,-67.676788,28.240480,170.672323,-166.277657,23.050020,-35,-39,-49,6
21799,42.531295,0,83.773743,32.937027,174.638508,178.659627,4.911039,-35,-38,-49,6
21800,42.765679,0,77.521004,31.597656,169.716483,175.528428,5.811945,-35,-39,-49,6
21801,42.531178,0,78.863876,32.265594,171.880856,176.341441,5.449385,-35,-38,-49,6
21802,41.593879,0,81.311813,32.265594,172.001709,177.681814,4.933012,-35,-38,-49,6
21803,43.234366,0,79.087685,31.821466,170.458083,176.418348,5.767998,-36,-38,-49,6
21804,42.531204,0,79.087685,31.821466,170.672323,176.429334,5.757012,-35,-39,-49,6
21805,43.585945,0,78.192436,31.597656,169.079257,175.978881,5.757012,-35,-38,-49,6
21806,42.648497,0,75.730507,32.045280,173.298135,174.199042,7.547838,-35,-39,-49,6
21807,43.117286,0,83.773743,32.489407,173.298135,178.659627,5.811945,-35,-39,-49,6
21808,42.648470,0,79.087685,31.261938,168.870510,176.418348,6.701865,-35,-39,-49,6
21809,43.468549,0,81.535622,33.384651,175.528428,177.758721,4.032105,-35,-39,-49,6
21810,42.648429,0,77.073380,31.821466,171.056856,175.143895,6.251411,-35,-39,-49,6
21811,42.414009,0,77.521004,31.597656,169.474776,175.517441,5.306558,-35,-39,-49,6
21812,42.296761,0,78.416252,31.821466,170.232856,176.033815,5.811945,-35,-39,-49,6
21813,43.000147,0,77.297195,31.821466,169.974670,175.286721,4.922025,-35,-38,-49,6
21814,42.648523,0,-68.012505,27.792858,168.859523,-166.651204,23.159886,-35,-38,-49,6
21815,42.531315,0,81.088005,32.489407,173.342082,177.566454,5.757012,-35,-38,-49,6
21816,42.296893,0,79.745132,32.265594,172.551042,176.879788,5.361492,-35,-38,-49,6
21817,43.000028,0,79.745132,32.265594,170.672323,176.868801,4.021119,-35,-39,-49,6
21818,42.179681,0,78.416252,27.569046,168.431043,176.033815,23.269753,-35,-38,-49,6
21819,43.351595,0,-67.005356,28.240480,170.606403,-165.387738,22.379833,-35,-39,-49,6
21820,42.648412,0,77.521004,31.150032,168.507950,175.528428,6.701865,-35,-39,-49,6
21821,42.531249,0,79.745132,32.045280,171.551256,176.868801,5.372478,-35,-38,-49,6
21822,42.297002,0,82.654686,31.597656,171.496323,178.209174,8.053224,-35,-39,-49,6
21823,42.531213,0,80.640381,31.821466,171.056856,177.319254,6.064638,-35,-39,-49,6
21824,43.117202,0,79.521317,31.597656,170.007630,176.791894,6.668905,-35,-39,-49,6
21825,42.648373,0,-67.900604,33.384651,176.033815,-166.464431,4.416639,-35,-38,-49,6
21826,41.828136,0,-67.900604,31.821466,169.716483,-166.629231,5.306558,-35,-38,-49,6
21827,42.648524,0,-66.333916,32.937027,175.132908,-164.552751,4.867092,-35,-39,-49,6
21828,42.648598,0,80.640381,30.926220,168.420057,177.319254,7.558824,-35,-39,-49,6
21829,42.882859,0,80.640381,32.265594,171.946776,177.319254,4.922025,-35,-39,-49,6
21830,42.648399,0,78.863876,31.821466,170.221870,176.341441,5.757012,-35,-38,-49,6
21831,42.999952,0,80.640381,33.384651,174.638508,177.319254,3.120212,-35,-38,-49,6
21832,42.882779,0,80.640381,31.933372,171.540269,177.352214,6.262398,-35,-39,-49,6
21833,42.999914,0,81.535622,31.821466,171.705069,177.758721,6.504105,-35,-38,-49,6
21834,43.234357,0,77.521004,31.821466,169.266030,175.528428,4.922025,-35,-39,-49,6
21835,43.468868,0,-66.557732,28.688105,172.847682,-164.772485,22.379833,-35,-39,-49,6
21836,43.234359,0,-68.795845,32.045280,169.859310,-167.519150,4.471572,-35,-39,-49,6
21837,42.414064,0,82.654686,32.489407,172.847682,178.209174,5.361492,-35,-38,-49,6
21838,42.296934,0,79.087685,32.489407,171.705069,176.418348,4.262825,-35,-38,-49,6
21839,43.000029,0,80.640381,31.597656,170.210883,177.308267,6.668905,-35,-38,-49,6
21840,42.179657,0,75.730507,31.597656,171.122776,174.177068,7.152318,-35,-38,-49,6
21841,43.585947,0,87.575043,32.937027,174.188055,179.549547,4.032105,-35,-38,-49,6
21842,43.234498,0,81.535622,32.265594,172.902615,177.758721,5.811945,-35,-39,-49,6
21843,42.531420,0,81.535622,32.045280,170.529496,177.758721,4.273812,-35,-39,-49,6
21844,43.117353,0,83.773743,33.608463,176.868801,178.659627,3.581652,-35,-39,-49,6
21845,42.765535,0,79.745132,32.045280,172.397229,176.879788,6.251411,-35,-39,-49,6
21846,42.648586,0,-65.438675,28.688105,172.880642,-163.596912,23.050020,-35,-38,-49,6
21847,42.648332,0,79.087685,31.821466,170.606403,176.484268,5.811945,-35,-39,-49,6
21848,42.882789,0,81.535622,31.821466,170.606403,177.769707,5.811945,-35,-38,-49,6
21849,43.234474,0,80.640381,33.160839,174.242988,177.308267,3.065279,-35,-38,-49,6
21850,43.000055,0,85.340424,32.489407,172.990509,179.110080,5.218665,-35,-38,-49,6
21851,42.531333,0,79.745132,31.821466,170.881069,176.879788,6.015198,-35,-38,-49,6
21852,43.234514,0,79.745132,31.821466,171.056856,176.868801,6.646931,-35,-39,-49,6
21853,42.296980,0,-69.691093,31.821466,171.765496,-168.518937,6.646931,-35,-39,-49,6
21854,43.117200,0,85.340424,32.489407,172.891629,179.110080,5.361492,-35,-38,-49,6
21855,42.648457,0,82.654686,32.489407,173.342082,178.209174,5.757012,-35,-39,-49,6
21856,43.351637,0,-69.467285,31.373844,171.507309,-168.398083,8.888211,-35,-39,-49,6
21857,42.297002,0,82.654686,31.597656,170.364696,178.209174,7.009491,-35,-38,-49,6
21858,42.414080,0,80.640381,32.045280,172.902615,177.352214,6.668905,-35,-38,-49,6
21859,42.882837,0,-79.745132,32.713215,175.528428,-176.879788,6.701865,-35,-38,-49,6
21860,41.828294,0,80.640381,32.489407,172.430189,177.363201,4.933012,-35,-39,-49,6
21861,42.648585,0,-65.438675,32.045280,171.111789,-163.509018,4.856105,-35,-39,-49,6
21862,42.414325,0,-66.781540,32.713215,174.221015,-165.299844,4.878079,-35,-38,-49,6
21863,42.765690,0,82.654686,32.045280,171.990722,178.209174,6.218451,-35,-39,-49,6
21864,42.765751,0,80.640381,32.489407,172.847682,177.319254,4.471572,-35,-38,-49,6
21865,42.765775,0,81.759438,30.478598,169.331950,177.835627,11.030610,-35,-39,-49,6
21866,43.117281,0,79.745132,32.045280,171.507309,176.868801,5.361492,-35,-39,-49,6
21867,43.937527,0,81.535622,32.045280,171.507309,177.758721,5.757012,-35,-39,-49,6
21868,42.648523,0,78.192436,31.821466,170.199896,175.967895,5.767998,-35,-39,-49,6
21869,42.882725,0,-64.893135,27.792858,169.705496,-162.761925,23.599353,-35,-39,-49,6
21870,43.117304,0,80.640381,32.489407,172.847682,177.319254,4.911039,-35,-39,-49,6
21871,44.289229,0,79.087685,32.265594,170.650349,176.418348,3.581652,-35,-39,-49,6
21872,42.531334,0,81.535622,31.597656,170.529496,177.769707,7.240211,-35,-39,-49,6
21873,42.648498,0,78.192436,30.926220,168.420057,175.967895,7.558824,-35,-39,-49,6
21874,42.765776,0,79.745132,31.821466,170.672323,176.868801,6.196478,-35,-39,-49,6
21875,42.531135,0,79.745132,32.265594,171.650136,176.868801,4.856105,-35,-39,-49,6
21876,42.882981,0,79.087685,30.254786,168.639790,176.418348,10.668050,-35,-39,-49,6
21877,42.648499,0,83.773743,32.489407,173.298135,178.659627,5.361492,-35,-39,-49,6
21878,42.414099,0,82.654686,32.713215,173.287149,178.220161,4.878079,-35,-38,-49,6
21879,42.648569,0,82.654686,32.489407,173.287149,178.220161,5.372478,-35,-39,-49,6
21880,42.296940,0,-68.795845,32.265594,173.298135,-167.541124,6.262398,-35,-38,-49,6
21881,42.413943,0,80.640381,32.045280,173.331095,177.385174,7.910398,-35,-39,-49,6
21882,42.648502,0,79.087685,30.926220,168.870510,176.429334,8.042238,-35,-39,-49,6
21883,42.179749,0,80.640381,32.265594,172.902615,177.319254,5.757012,-35,-39,-49,6
21884,42.648347,0,-66.557732,32.045280,171.122776,-164.948271,5.746025,-35,-39,-49,6
21885,43.468716,0,-83.773743,32.045280,172.397229,-178.659627,6.262398,-35,-39,-49,6
21886,42.882968,0,81.759438,31.597656,170.672323,177.824641,7.119358,-35,-39,-49,6
21887,42.648482,0,83.773743,32.045280,171.111789,178.659627,5.306558,-35,-39,-49,6
21888,42.648330,0,81.535622,31.821466,171.507309,177.758721,6.251411,-35,-39,-49,6
21889,42.414081,0,80.640381,32.045280,171.430403,177.319254,5.888852,-35,-39,-49,6
21890,42.413944,0,80.640381,31.821466,170.683309,177.319254,6.262398,-35,-39,-49,6
21891,42.765770,0,-67.229164,32.713215,174.671468,-165.607471,5.361492,-35,-38,-49,6
21892,42.765600,0,79.087685,30.926220,168.507950,176.418348,7.910398,-35,-39,-49,6
21893,42.648529,0,80.640381,28.464293,171.100803,177.319254,22.379833,-35,-39,-49,6
21894,43.117144,0,82.430870,31.597656,170.419630,178.132267,6.712851,-35,-39,-49,6
21895,43.117348,0,82.654686,32.045280,172.001709,178.220161,5.800958,-35,-38,-49,6
21896,42.297002,0,80.640381,31.821466,171.056856,177.319254,6.262398,-35,-39,-49,6
21897,43.586010,0,79.968941,32.937027,173.429975,176.923734,3.515732,-35,-39,-49,6
21898,42.179660,0,83.773743,31.821466,171.507309,178.648640,7.152318,-35,-39,-49,6
21899,42.531226,0,-66.557732,30.926220,167.738884,-164.849391,6.943571,-35,-39,-49,6
21900,43.234266,0,-79.745132,32.045280,172.012696,-176.868801,6.251411,-35,-39,-49,6
21901,42.648437,0,79.968941,31.597656,171.551256,176.923734,7.547838,-35,-39,-49,6
21902,42.414060,0,-67.676788,32.265594,173.298135,-166.189764,6.262398,-35,-39,-49,6
21903,43.117202,0,82.654686,32.937027,174.242988,178.220161,4.010132,-35,-38,-49,6
21904,43.117168,0,-66.557732,28.464293,171.540269,-164.948271,22.819300,-35,-39,-49,6
21905,42.296827,0,82.654686,32.265594,172.551042,178.275094,5.724052,-35,-38,-49,6
21906,42.531215,0,-66.110107,31.373844,171.056856,-164.387951,8.459731,-35,-39,-49,6
21907,42.062448,0,82.654686,31.150032,170.166936,178.209174,8.042238,-35,-39,-49,6
21908,43.351618,0,81.535622,32.265594,172.880642,177.758721,5.767998,-35,-38,-49,6
21909,43.234334,0,-65.214859,28.464293,171.496323,-163.047578,22.302927,-35,-39,-49,6
21910,42.765640,0,-81.535622,31.821466,172.397229,-177.769707,7.547838,-35,-39,-49,6
21911,43.468781,0,82.654686,31.821466,171.650136,178.209174,7.097385,-35,-38,-49,6
21912,42.179596,0,82.654686,31.821466,172.408216,178.209174,7.152318,-35,-38,-49,6
21913,42.882904,0,82.654686,32.265594,172.441176,178.209174,5.757012,-35,-39,-49,6
21914,43.703061,0,-66.557732,31.821466,172.144536,-164.849391,6.954558,-35,-39,-49,6
21915,42.765793,0,-67.900604,32.713215,174.693442,-166.640217,5.306558,-35,-38,-49,6
21916,42.765612,0,-79.087685,33.384651,176.473281,-176.429334,4.021119,-35,-39,-49,6
21917,42.882875,0,81.535622,32.265594,172.320322,177.758721,6.004212,-35,-38,-49,6
21918,43.117388,0,-85.340424,32.045280,173.298135,-179.110080,7.152318,-35,-38,-49,6
21919,43.351525,0,82.654686,33.608463,176.418348,178.209174,3.581652,-35,-39,-49,6
21920,43.468684,0,82.654686,32.045280,172.397229,178.209174,6.262398,-35,-39,-49,6
21921,42.296760,0,-68.124413,27.345234,169.716483,-166.783044,26.653645,-35,-38,-49,6
21922,43.117089,0,83.773743,31.597656,171.419416,178.648640,7.229225,-35,-38,-49,6
21923,43.351750,0,80.640381,31.597656,171.254616,177.363201,7.405011,-35,-39,-49,6
21924,43.234448,0,-66.557732,31.821466,169.782403,-164.827418,5.361492,-35,-39,-49,6
21925,42.648461,0,-66.781540,32.937027,175.001068,-165.288858,4.998932,-35,-39,-49,6
21926,42.531289,0,-67.676788,28.016670,169.189123,-166.189764,22.390820,-35,-39,-49,6
21927,43.234318,0,83.773743,32.045280,172.847682,178.659627,6.712851,-35,-38,-49,6
21928,42.882862,0,-81.535622,31.597656,172.012696,-177.769707,7.987304,-35,-38,-49,6
21929,43.000040,0,-67.229164,33.160839,175.737175,-165.607471,5.163732,-35,-39,-49,6
21930,42.882801,0,-66.781540,31.821466,171.430403,-165.299844,6.789758,-35,-38,-49,6
21931,42.765584,0,-67.900604,31.373844,171.496323,-166.640217,8.943144,-35,-39,-49,6
21932,43.117334,0,-87.575043,32.937027,175.077975,-179.549547,5.372478,-35,-39,-49,6
21933,42.882839,0,-83.773743,28.240480,172.408216,-178.659627,24.390393,-35,-39,-49,6
21934,43.117255,0,-65.886299,32.045280,172.397229,-163.948485,6.251411,-35,-38,-49,6
21935,42.765685,0,-65.214859,27.792858,170.353710,-163.212378,24.829859,-35,-39,-49,6
21936,43.000033,0,-68.348221,31.597656,171.507309,-167.024751,7.602771,-35,-39,-49,6
21937,42.882816,0,78.416252,31.597656,170.639363,176.011841,6.646931,-36,-39,-49,6
21938,42.296889,0,-67.676788,31.821466,170.661336,-166.200751,5.800958,-35,-38,-49,6
21939,42.413996,0,-66.557732,27.792858,170.221870,-164.904324,24.796899,-35,-39,-49,6
21940,42.531249,0,83.773743,33.160839,174.638508,178.648640,4.021119,-35,-39,-49,6
21941,42.882803,0,-81.535622,28.240480,171.990722,-177.769707,24.264046,-35,-39,-49,6
21942,42.531293,0,-85.340424,32.713215,172.847682,-179.110080,4.021119,-35,-39,-49,6
21943,42.414079,0,81.535622,32.045280,172.331309,177.758721,6.251411,-35,-38,-49,6
21944,42.296827,0,80.640381,30.702410,169.309977,177.308267,9.316691,-35,-39,-49,6
21945,42.414162,0,-66.110107,32.489407,173.298135,-164.409925,5.800958,-35,-39,-49,6
21946,42.179771,0,-79.745132,32.045280,172.891629,-176.868801,7.558824,-35,-39,-49,6
21947,42.413928,0,82.654686,32.489407,172.847682,178.209174,5.361492,-35,-39,-49,6
21948,42.882870,0,82.654686,31.821466,171.507309,178.209174,6.712851,-35,-38,-49,6
21949,42.414170,0,-69.467285,32.265594,173.094882,-168.365123,6.646931,-35,-38,-49,6
21950,42.999827,0,-68.795845,32.489407,173.880428,-167.541124,6.218451,-35,-38,-49,6
21951,43.000094,0,-65.886299,32.045280,172.012696,-163.959471,6.207465,-35,-39,-49,6
21952,42.648478,0,83.773743,32.045280,171.990722,178.659627,6.668905,-35,-38,-49,6
21953,42.531374,0,83.773743,32.713215,173.748589,178.659627,5.361492,-35,-39,-49,6
21954,42.765715,0,83.773743,32.045280,172.605976,178.659627,6.504105,-35,-38,-49,6
21955,42.648550,0,85.340424,31.821466,171.957762,179.110080,6.712851,-35,-38,-49,6
21956,43.351567,0,81.535622,31.821466,171.562243,177.758721,6.646931,-35,-39,-49,6
21957,42.531206,0,83.773743,32.489407,173.803522,178.659627,5.746025,-35,-39,-49,6
21958,42.648328,0,-67.900604,31.821466,172.001709,-166.508377,7.547838,-35,-38,-49,6
21959,42.882888,0,-69.467285,31.597656,171.562243,-168.409070,7.602771,-35,-39,-49,6
21960,42.765799,0,-68.124413,31.597656,171.056856,-166.876431,7.591784,-35,-39,-49,6
21961,42.648479,0,82.654686,32.045280,172.012696,178.209174,6.207465,-35,-39,-49,6
21962,43.117370,0,-66.781540,32.489407,173.737602,-165.288858,6.262398,-35,-39,-49,6
21963,42.648505,0,-65.662483,32.713215,174.693442,-163.651845,5.372478,-35,-39,-49,6
21964,42.882715,0,87.575043,31.821466,171.540269,179.560533,7.152318,-35,-38,-49,6
21965,42.648469,0,85.340424,31.373844,170.979949,179.110080,8.130131,-35,-38,-49,6
21966,42.999962,0,-69.914902,31.597656,171.430403,-168.870510,8.042238,-35,-39,-49,6
21967,42.999975,0,-67.229164,32.265594,172.880642,-165.750298,6.229438,-35,-39,-49,6
21968,42.296829,0,80.640381,31.150032,168.815577,177.319254,7.152318,-35,-39,-49,6
21969,42.765734,0,-68.572037,31.821466,172.847682,-167.288430,7.591784,-35,-39,-49,6
21970,42.648346,0,-68.348221,31.597656,172.012696,-167.068697,7.987304,-35,-38,-49,6
21971,43.234539,0,84.445175,32.045280,172.221442,178.868374,6.646931,-35,-39,-49,6
21972,42.297001,0,82.654686,31.597656,171.770989,178.297067,8.229011,-35,-39,-49,6
21973,42.531297,0,-66.333916,31.597656,169.749443,-164.497818,5.757012,-35,-39,-49,6
21974,42.999976,0,-81.535622,32.489407,174.232002,-177.758721,6.668905,-35,-39,-49,6
21975,42.648339,0,81.535622,32.045280,171.573229,177.780694,6.207465,-35,-38,-49,6
21976,42.648516,0,-79.745132,32.045280,172.847682,-176.868801,6.701865,-35,-39,-49,6
21977,42.531215,0,-64.445511,31.597656,171.754509,-162.212592,7.547838,-35,-38,-49,6
21978,43.117136,0,85.340424,32.265594,172.847682,179.110080,5.811945,-35,-38,-49,6
21979,42.414080,0,82.654686,31.373844,168.431043,178.275094,6.229438,-35,-39,-49,6
21980,42.414211,0,82.654686,32.489407,173.287149,178.209174,5.361492,-35,-39,-49,6
21981,42.648477,0,-87.575043,32.265594,173.331095,-179.549547,6.712851,-35,-38,-49,6
21982,42.648326,0,-67.900604,32.489407,174.242988,-166.508377,6.657918,-35,-39,-49,6
21983,42.765532,0,82.654686,32.045280,171.551256,178.275094,5.361492,-35,-39,-49,6
21984,43.351499,0,-69.467285,31.150032,170.529496,-168.299203,9.349651,-35,-39,-49,6
21985,42.882852,0,-69.243469,31.373844,171.056856,-167.969604,8.009278,-35,-38,-50,6
21986,42.999898,0,85.340424,32.265594,171.770989,179.099094,5.372478,-35,-38,-51,6
21987,43.585964,0,-65.662483,32.265594,173.298135,-163.662832,6.251411,-35,-38,-51,6
21988,42.882727,0,-67.900604,27.792858,169.331950,-166.629231,24.038820,-35,-38,-51,6
21989,43.468637,0,-66.781540,26.673800,167.398297,-165.299844,27.071139,-35,-38,-50,6
21990,43.585861,0,-67.676788,27.121424,168.288217,-166.200751,25.511032,-35,-38,-51,6
21991,43.351608,0,-65.214859,31.597656,171.650136,-163.212378,7.899411,-35,-39,-51,6
21992,43.820432,0,80.640381,31.821466,172.408216,177.330241,7.152318,-35,-39,-50,6
21993,43.234332,0,75.282890,31.821466,170.221870,173.781549,5.361492,-35,-38,-50,6
21994,43.117123,0,75.059074,32.489407,170.672323,173.737602,3.065279,-35,-38,-50,6
21995,42.765663,0,73.716209,32.713215,170.683309,172.463149,1.779839,-35,-38,-49,6
21996,44.523535,0,72.597145,32.489407,170.749229,171.540269,3.120212,-35,-38,-49,6
21997,42.531268,0,-70.362526,32.045280,167.980590,-169.189123,1.790826,-35,-38,-49,6
21998,43.000059,0,74.163826,33.608463,172.902615,172.902615,-0.450453,-35,-38,-49,6
21999,43.117218,0,72.149521,32.713215,169.760430,171.111789,1.351360,-36,-39,-49,6
22000,42.882725,0,75.059074,33.832275,173.660695,173.660695,0.000000,-35,-39,-50,6
22001,42.882931,0,75.282890,32.045280,169.771416,173.792535,4.021119,-35,-38,-50,6
22002,42.999937,0,77.521004,28.016670,168.881497,175.528428,22.544633,-35,-39,-50,6
22003,43.000046,0,77.521004,32.489407,171.869869,175.440535,3.581652,-35,-38,-49,6
22004,42.882713,0,78.192436,32.045280,171.507309,175.978881,5.361492,-35,-39,-50,6
22005,43.820342,0,78.192436,32.045280,171.056856,175.978881,5.372478,-35,-38,-50,6
22006,43.468827,0,82.654686,32.937027,174.188055,178.209174,4.460585,-35,-38,-50,6
22007,42.648346,0,82.654686,31.821466,171.254616,178.209174,6.954558,-35,-38,-50,6
22008,43.585990,0,81.535622,31.150032,169.782403,177.802667,8.492691,-35,-39,-50,6
22009,42.882791,0,-85.340424,32.713215,174.671468,-179.099094,5.778985,-35,-38,-50,6
22010,43.117248,0,79.745132,31.821466,171.056856,176.868801,5.811945,-35,-39,-50,6
22011,43.117180,0,80.640381,32.489407,172.990509,177.385174,5.284585,-35,-38,-50,6
22012,42.882743,0,83.997551,31.821466,172.397229,178.725547,7.152318,-35,-39,-50,6
22013,43.234385,0,79.745132,31.821466,170.606403,176.857814,6.251411,-35,-39,-50,6
22014,42.765554,0,80.640381,32.265594,171.770989,177.374187,5.306558,-35,-38,-50,6
22015,42.648581,0,77.744812,32.489407,171.199683,175.605335,3.537706,-35,-38,-50,6
22016,42.414143,0,77.521004,32.265594,170.529496,175.528428,3.219092,-35,-39,-50,6
22017,42.882729,0,80.640381,32.265594,172.770775,177.363201,6.218451,-35,-39,-50,6
22018,43.468820,0,-65.886299,28.240480,171.199683,-163.948485,23.280740,-35,-39,-50,6
22019,43.820319,0,80.640381,32.489407,172.847682,177.385174,4.471572,-35,-38,-50,6
22020,43.820363,0,82.654686,32.045280,172.100589,178.275094,6.174505,-35,-38,-50,6
22021,42.414142,0,-68.795845,32.265594,172.397229,-167.683950,5.811945,-35,-38,-50,6
22022,43.000165,0,79.745132,31.597656,170.221870,176.868801,6.646931,-35,-39,-50,6
22023,42.296978,0,-66.781540,28.911917,171.957762,-165.299844,21.270180,-35,-38,-50,6
22024,42.882751,0,79.087685,31.821466,170.672323,176.429334,5.757012,-35,-39,-50,6
22025,43.234310,0,-85.340424,32.713215,175.143895,-179.099094,5.746025,-35,-39,-50,6
22026,42.648429,0,79.087685,31.597656,170.864589,176.418348,6.701865,-35,-38,-50,6
22027,42.179658,0,-64.445511,28.240480,171.979736,-162.168645,23.720206,-35,-38,-50,6
22028,43.234427,0,78.192436,31.373844,170.166936,175.978881,7.591784,-35,-38,-50,6
22029,42.882836,0,81.535622,32.045280,171.990722,177.758721,5.735038,-35,-38,-50,6
22030,42.882826,0,-67.005356,31.821466,171.056856,-165.453658,5.899838,-35,-39,-50,6
22031,43.000019,0,80.640381,31.597656,170.210883,177.308267,6.559038,-35,-38,-50,6
22032,43.117250,0,-82.654686,28.016670,170.650349,-178.275094,24.049806,-35,-39,-50,6
22033,42.999974,0,67.452980,28.688105,157.290567,165.893124,7.602771,-35,-38,-50,6
22034,43.468688,0,-66.557732,31.597656,170.650349,-164.849391,6.712851,-35,-38,-50,6
22035,43.468739,0,79.745132,32.045280,171.562243,176.868801,6.207465,-35,-38,-50,6
22036,43.585990,0,79.968941,31.821466,170.870083,176.934721,6.251411,-35,-38,-50,6
22037,43.703018,0,82.654686,32.489407,173.737602,178.209174,5.361492,-35,-38,-50,6
22038,42.999953,0,80.640381,32.489407,172.540056,177.308267,4.768212,-35,-38,-51,6
22039,42.765663,0,79.087685,31.597656,170.079043,176.418348,6.339305,-35,-38,-50,6
22040,43.585855,0,-67.900604,28.240480,169.639576,-166.398511,22.149113,-35,-38,-50,6
22041,43.117198,0,82.654686,32.713215,173.210242,178.209174,4.460585,-35,-38,-50,6
22042,42.531440,0,76.849571,31.597656,170.661336,175.077975,7.097385,-35,-38,-50,6
22043,43.820318,0,-67.900604,27.792858,169.771416,-166.519364,23.709220,-35,-38,-50,6
22044,43.820341,0,76.849571,32.937027,172.408216,175.077975,2.669759,-35,-38,-50,6
22045,43.234521,0,78.192436,32.045280,172.100589,175.989868,6.207465,-35,-38,-50,6
22046,42.648607,0,77.968628,31.821466,170.364696,175.737175,5.328532,-35,-38,-50,6
22047,42.882845,0,79.087685,31.821466,170.221870,176.418348,5.372478,-35,-39,-50,6
22048,43.234428,0,-67.229164,27.792858,169.771416,-165.618458,23.709220,-35,-38,-50,6
22049,44.054742,0,76.401947,32.265594,170.661336,174.627522,4.032105,-35,-38,-50,6
22050,43.117142,0,-67.676788,27.792858,169.782403,-166.277657,23.720206,-35,-38,-50,6
22051,42.882761,0,78.416252,31.597656,170.815149,176.066774,7.097385,-35,-38,-50,6
22052,42.648545,0,79.745132,32.265594,171.540269,176.868801,4.878079,-35,-38,-50,6
22053,42.882986,0,80.640381,33.384651,174.188055,177.330241,2.691733,-35,-39,-51,6
22054,43.117126,0,-69.243469,32.045280,169.782403,-167.958617,3.570666,-35,-39,-50,6
22055,43.703179,0,-65.438675,28.240480,171.507309,-163.552965,23.159886,-35,-39,-50,6
22056,42.882917,0,81.535622,31.821466,171.199683,177.769707,6.646931,-35,-39,-50,6
22057,42.414123,0,80.640381,32.713215,172.902615,177.308267,4.416639,-35,-39,-50,6
22058,43.000024,0,83.773743,33.608463,176.418348,178.659627,3.142186,-35,-38,-50,6
22059,43.234590,0,79.745132,32.489407,172.902615,176.857814,4.856105,-35,-38,-50,6
22060,43.468781,0,78.192436,28.464293,170.210883,175.989868,21.369060,-35,-39,-50,6
22061,43.117248,0,77.073380,32.713215,172.034669,175.165868,3.131199,-35,-38,-50,6
22062,43.234389,0,-66.110107,27.569046,166.958831,-164.398938,21.808527,-35,-38,-50,6
22063,43.117125,0,79.087685,32.713215,171.111789,176.418348,2.691733,-35,-38,-50,6
22064,43.000168,0,77.968628,32.489407,171.946776,175.775628,3.581652,-35,-39,-50,6
22065,43.234338,0,78.416252,32.489407,172.397229,176.033815,4.471572,-35,-39,-50,6
22066,42.531157,0,-67.005356,32.045280,170.155950,-165.387738,4.471572,-35,-38,-50,6
22067,43.117244,0,79.745132,33.384651,175.121921,176.912748,2.680746,-35,-38,-50,6
22068,42.765624,0,78.416252,32.937027,173.111362,176.022828,3.372906,-35,-38,-51,6
22069,42.999955,0,76.401947,31.821466,169.705496,174.627522,4.922025,-35,-38,-50,6
22070,42.765752,0,78.192436,31.821466,170.221870,175.978881,5.306558,-35,-38,-50,6
22071,42.648479,0,77.744812,32.045280,170.661336,175.583361,4.471572,-35,-38,-50,6
22072,42.882895,0,79.745132,32.265594,172.001709,176.868801,4.878079,-35,-38,-50,6
22073,42.882873,0,78.192436,32.489407,172.320322,175.978881,4.471572,-35,-39,-50,6
22074,42.882899,0,75.730507,32.045280,170.221870,174.177068,3.955199,-35,-38,-50,6
22075,42.765556,0,82.654686,32.937027,174.330882,178.297067,3.966185,-35,-38,-50,6
22076,42.999991,0,-65.214859,32.045280,171.056856,-163.212378,4.867092,-35,-38,-50,6
22077,42.765647,0,80.640381,32.937027,173.792535,177.319254,4.032105,-35,-38,-50,6
22078,43.820276,0,76.401947,32.713215,172.408216,174.693442,3.131199,-35,-39,-50,6
22079,43.351477,0,-66.557732,28.240480,169.639576,-164.860378,21.709647,-35,-39,-50,6
22080,41.828115,0,79.087685,32.045280,171.111789,176.484268,5.449385,-35,-38,-50,6
22081,42.531179,0,-65.662483,28.688105,171.957762,-163.651845,22.033753,-35,-39,-50,6
22082,43.117245,0,77.744812,32.045280,170.414136,175.594348,4.482559,-35,-38,-50,6
22083,43.000101,0,80.864189,28.464293,170.606403,177.407147,21.808527,-35,-38,-50,6
22084,43.117236,0,82.654686,32.713215,173.737602,178.209174,4.911039,-35,-38,-50,6
22085,42.297022,0,-67.005356,28.240480,171.199683,-165.310831,23.061007,-35,-38,-50,6
22086,42.999994,0,81.535622,32.489407,172.759789,177.769707,5.372478,-35,-38,-50,6
22087,42.648473,0,78.416252,28.240480,170.661336,176.011841,22.506180,-35,-38,-50,6
22088,42.882745,0,-65.886299,28.016670,170.199896,-163.959471,23.379620,-35,-39,-50,6
22089,43.234439,0,-68.795845,32.045280,169.090243,-167.541124,3.537706,-35,-39,-50,6
22090,43.117182,0,-67.005356,28.016670,170.166936,-165.387738,23.511460,-35,-39,-50,6
22091,42.648559,0,77.521004,32.489407,171.880856,175.539415,3.658559,-35,-39,-50,6
22092,43.000170,0,76.849571,31.597656,170.529496,175.077975,6.668905,-35,-39,-50,6
22093,42.765561,0,76.849571,32.265594,171.199683,175.077975,3.966185,-35,-39,-50,6
22094,42.296779,0,79.087685,28.016670,168.431043,176.429334,22.055727,-35,-38,-50,6
22095,43.234305,0,76.849571,27.792858,169.298990,175.001068,23.214820,-35,-39,-50,6
22096,42.882791,0,75.954323,32.045280,169.771416,174.396802,4.471572,-35,-38,-50,6
22097,43.234531,0,78.416252,33.160839,173.353069,176.033815,2.680746,-35,-38,-50,6
22098,42.531395,0,78.416252,32.489407,172.452162,176.033815,4.471572,-35,-38,-50,6
22099,42.296886,0,75.730507,32.713215,171.551256,174.242988,3.131199,-35,-39,-50,6
22100,43.702955,0,78.192436,27.792858,168.870510,175.978881,22.698447,-35,-38,-50,6
22101,44.054854,0,-70.138718,27.792858,168.409070,-169.079257,22.324900,-35,-39,-50,6
22102,42.296870,0,75.730507,32.489407,171.573229,174.199042,3.581652,-35,-39,-51,6
22103,42.648426,0,78.416252,33.160839,173.792535,176.033815,2.647786,-35,-39,-50,6
22104,42.882745,0,75.730507,28.016670,169.298990,174.188055,22.830287,-35,-39,-50,6
22105,42.765636,0,77.073380,31.821466,170.155950,175.165868,5.757012,-35,-39,-50,6
22106,42.648544,0,79.521317,33.160839,174.100162,176.780908,2.680746,-35,-38,-50,6
22107,43.000051,0,82.654686,34.056087,176.923734,178.275094,1.790826,-35,-38,-50,6
22108,43.234365,0,79.745132,31.821466,171.056856,176.868801,5.811945,-35,-38,-50,6
22109,42.882854,0,-68.348221,26.897612,167.090670,-167.101657,25.423139,-35,-38,-50,6
22110,43.000046,0,-66.557732,33.384651,174.111148,-164.827418,1.790826,-35,-38,-50,6
22111,42.648610,0,78.192436,32.489407,172.847682,175.978881,4.471572,-35,-38,-50,6
22112,43.117194,0,78.192436,32.713215,172.594989,175.967895,3.372906,-35,-39,-50,6
22113,42.648525,0,80.640381,32.265594,172.320322,177.363201,5.328532,-35,-39,-50,6
22114,42.648457,0,-68.348221,27.792858,167.958617,-167.090670,22.258980,-35,-39,-50,6
22115,42.882901,0,76.401947,32.265594,170.979949,174.638508,4.032105,-35,-38,-50,6
22116,43.468775,0,77.521004,32.045280,170.650349,175.528428,5.361492,-35,-38,-50,6
22117,42.882989,0,75.730507,32.045280,170.661336,174.177068,4.922025,-35,-38,-50,6
22118,42.648515,0,-63.550262,33.160839,173.781549,-160.916166,3.131199,-35,-39,-50,6
22119,42.765667,0,-68.572037,28.688105,172.902615,-167.189550,22.599567,-35,-39,-50,6
22120,43.000055,0,76.849571,32.489407,171.507309,175.088961,3.581652,-35,-38,-50,6
22121,43.117102,0,78.192436,31.821466,170.430616,175.967895,5.614185,-35,-38,-50,6
22122,43.117357,0,-68.348221,28.688105,170.606403,-166.947844,20.687887,-35,-38,-50,6
22123,42.062535,0,76.849571,28.240480,171.056856,175.077975,22.967620,-35,-38,-50,6
22124,43.234306,0,79.745132,33.160839,173.737602,176.868801,3.131199,-35,-38,-50,6
22125,42.882825,0,74.611450,32.489407,171.551256,173.287149,3.323466,-35,-38,-50,6
22126,42.531186,0,75.059074,32.045280,170.199896,173.737602,4.482559,-35,-38,-50,6
22127,42.414209,0,77.521004,32.265594,171.056856,175.539415,4.405652,-35,-38,-51,6
22128,42.648356,0,78.192436,33.160839,173.353069,175.978881,2.241279,-35,-38,-50,6
22129,42.297007,0,75.282890,32.489407,170.979949,173.770562,3.208106,-35,-39,-50,6
22130,43.351655,0,-66.557732,28.464293,170.540483,-164.838404,22.039247,-35,-39,-50,6
22131,42.882976,0,78.416252,32.937027,172.902615,176.044801,3.142186,-35,-38,-50,6
22132,43.000022,0,77.521004,31.821466,170.221870,175.528428,5.306558,-35,-39,-50,6
22133,43.468894,0,77.521004,32.265594,171.320536,175.528428,4.109012,-35,-38,-50,6
22134,43.351584,0,77.521004,28.911917,170.979949,175.528428,20.138554,-35,-38,-50,6
22135,43.000146,0,76.401947,32.265594,171.089816,174.627522,3.955199,-35,-38,-51,6
22136,42.414081,0,82.654686,32.937027,173.298135,178.209174,3.581652,-35,-38,-50,6
22137,42.531396,0,-65.438675,28.911917,173.353069,-163.377178,21.808527,-35,-39,-50,6
22138,42.882920,0,78.416252,32.937027,172.540056,176.033815,2.680746,-35,-39,-50,6
22139,42.882721,0,-66.557732,27.792858,169.529710,-164.860378,23.522446,-35,-39,-50,6
22140,42.531138,0,78.863876,28.240480,170.166936,176.341441,22.149113,-35,-39,-50,6
22141,42.882877,0,76.849571,31.821466,169.716483,175.077975,5.361492,-35,-39,-50,6
22142,42.765676,0,75.282890,32.045280,170.221870,173.880428,4.405652,-35,-39,-50,6
22143,42.765644,0,79.297508,32.937027,173.111362,176.627094,3.515732,-35,-38,-50,6
22144,42.882949,0,75.730507,33.160839,173.298135,174.242988,2.680746,-35,-38,-50,6
22145,42.414197,0,78.863876,32.265594,171.111789,176.341441,4.471572,-35,-38,-50,6
22146,43.351678,0,79.087685,33.160839,173.353069,176.484268,2.142399,-35,-39,-50,6
22147,42.882883,0,76.849571,32.265594,171.540269,175.088961,4.482559,-35,-39,-50,6
22148,42.765619,0,-65.886299,28.016670,169.639576,-163.959471,23.050020,-35,-38,-50,6
22149,43.234473,0,80.416565,28.240480,169.782403,177.231361,22.324900,-35,-39,-50,6
22150,43.586102,0,-66.333916,28.240480,170.639363,-164.497818,23.269753,-35,-39,-50,6
22151,42.531391,0,73.044769,32.045280,171.056856,171.957762,5.218665,-35,-38,-50,6
22152,42.999915,0,-66.781540,32.713215,171.111789,-165.069124,2.241279,-35,-39,-50,6
22153,42.531250,0,81.535622,33.160839,174.242988,177.758721,3.515732,-35,-38,-50,6
22154,43.351477,0,80.640381,32.713215,173.210242,177.308267,4.032105,-35,-38,-50,6
22155,43.937663,0,81.535622,34.279900,177.758721,177.758721,1.779839,-35,-38,-50,6
22156,43.234543,0,75.730507,31.821466,169.266030,174.177068,4.911039,-35,-39,-50,6
22157,42.765611,0,-69.019661,32.265594,169.771416,-167.749870,2.636799,-35,-38,-50,6
22158,43.585881,0,80.640381,32.045280,171.946776,177.319254,5.811945,-35,-39,-50,6
22159,42.413957,0,78.192436,32.045280,171.551256,175.989868,5.306558,-35,-38,-50,6
22160,42.648521,0,78.192436,32.489407,171.869869,175.890988,4.021119,-35,-39,-50,6
22161,42.297051,0,79.087685,33.160839,174.188055,176.484268,3.131199,-35,-38,-50,6
22162,42.648371,0,79.745132,33.160839,173.748589,176.879788,3.208106,-35,-38,-50,6
22163,42.999934,0,-68.348221,28.688105,171.100803,-167.090670,21.369060,-35,-38,-50,6
22164,42.648541,0,79.087685,32.489407,172.605976,176.418348,4.998932,-35,-38,-51,6
22165,42.414077,0,76.401947,31.373844,168.870510,174.693442,6.635945,-35,-38,-50,6
22166,42.648543,0,78.192436,32.489407,171.507309,175.978881,4.032105,-35,-38,-50,6
22167,43.234381,0,-66.781540,28.464293,171.540269,-165.299844,22.896207,-35,-38,-50,6
22168,43.117092,0,75.059074,32.265594,170.529496,173.660695,4.010132,-35,-39,-50,6
22169,42.648321,0,-68.348221,32.045280,168.870510,-167.101657,3.131199,-35,-39,-50,6
22170,42.531349,0,78.192436,32.489407,171.507309,175.967895,4.021119,-35,-39,-50,6
22171,42.531421,0,77.073380,32.265594,171.540269,175.132908,4.922025,-35,-38,-50,6
22172,43.117237,0,75.730507,31.597656,168.859523,174.232002,5.372478,-35,-39,-50,6
22173,42.999952,0,-65.886299,28.016670,171.056856,-163.959471,24.346446,-35,-38,-50,6
22174,43.703044,0,-66.333916,28.464293,171.946776,-164.673605,23.137913,-35,-38,-50,6
22175,42.296813,0,77.073380,32.489407,171.880856,175.132908,4.021119,-35,-39,-50,6
22176,43.351655,0,82.654686,32.937027,173.298135,178.209174,3.065279,-35,-38,-50,6
22177,42.765517,0,77.521004,32.045280,169.298990,175.528428,3.955199,-35,-39,-50,6
22178,43.468765,0,79.087685,28.240480,169.771416,176.418348,22.258980,-35,-38,-50,6
22179,42.413991,0,65.214859,25.330931,156.730247,163.212378,22.940153,-35,-39,-50,6
22180,42.882852,0,79.745132,32.713215,172.847682,176.879788,3.537706,-35,-39,-51,6
22181,42.882769,0,81.535622,32.937027,174.188055,177.758721,4.021119,-35,-38,-50,6
22182,43.000042,0,76.849571,32.265594,171.056856,175.088961,4.021119,-35,-39,-50,6
22183,43.468709,0,-67.900604,28.240480,168.881497,-166.585284,21.489914,-35,-39,-50,6
22184,42.648371,0,78.416252,33.160839,173.353069,176.033815,2.680746,-35,-38,-50,6
22185,43.937553,0,78.640060,32.489407,171.507309,176.187628,4.021119,-35,-38,-50,6
22186,43.000035,0,74.611450,31.597656,168.507950,173.342082,4.416639,-35,-39,-51,6
22187,42.765640,0,-67.229164,28.016670,169.189123,-165.618458,22.379833,-35,-38,-50,6
22188,43.000164,0,81.535622,32.937027,173.737602,177.769707,3.570666,-35,-38,-50,6
22189,42.765694,0,81.535622,32.045280,171.990722,177.769707,5.778985,-35,-38,-50,6
22190,42.882698,0,76.401947,32.265594,170.232856,174.638508,3.208106,-35,-38,-50,6
22191,43.000019,0,77.073380,32.489407,171.199683,175.143895,3.570666,-35,-38,-50,6
22192,42.648563,0,78.192436,32.045280,171.122776,175.967895,4.856105,-35,-38,-50,6
22193,42.882877,0,79.087685,32.937027,173.287149,176.418348,3.581652,-35,-38,-50,6
22194,42.882980,0,76.849571,31.821466,168.623310,175.088961,4.032105,-35,-39,-50,6
22195,42.882943,0,76.401947,31.821466,171.089816,174.671468,6.207465,-35,-38,-50,6
22196,42.882726,0,-67.229164,28.464293,170.079043,-165.607471,21.643727,-35,-39,-50,6
22197,43.117079,0,-66.333916,32.713215,172.880642,-164.497818,4.460585,-35,-38,-50,6
22198,42.765556,0,-67.900604,28.464293,171.056856,-166.508377,22.171087,-35,-38,-50,6
22199,42.999970,0,77.521004,32.489407,171.430403,175.528428,3.955199,-35,-39,-50,6
22200,43.234432,0,75.730507,32.045280,169.760430,174.242988,3.526719,-35,-38,-50,6
22201,42.999978,0,78.192436,32.265594,171.562243,175.967895,4.405652,-35,-39,-51,6
22202,42.414142,0,-69.467285,28.688105,170.979949,-168.299203,21.270180,-35,-38,-50,6
22203,42.765686,0,78.863876,32.713215,172.770775,176.341441,3.581652,-35,-38,-50,6
22204,43.234471,0,76.849571,32.265594,171.419416,175.077975,4.471572,-35,-38,-50,6
22205,42.414187,0,-66.557732,28.911917,171.348003,-164.838404,20.589007,-35,-39,-50,6
22206,43.000072,0,80.640381,32.265594,171.946776,177.308267,5.361492,-35,-38,-50,6
22207,42.765666,0,-67.005356,28.464293,171.639149,-165.310831,23.050020,-35,-38,-50,6
22208,43.234453,0,78.192436,32.489407,172.012696,175.978881,3.966185,-35,-39,-50,6
22209,43.585988,0,-65.438675,28.016670,169.782403,-163.596912,22.544633,-35,-38,-50,6
22210,42.999912,0,80.640381,32.713215,173.353069,177.319254,3.955199,-35,-38,-50,6
22211,42.882764,0,76.401947,32.489407,171.089816,174.671468,3.581652,-35,-39,-50,6
22212,43.117168,0,-67.676788,28.464293,170.606403,-166.200751,22.160100,-35,-39,-50,6
22213,42.882913,0,-66.557732,32.489407,172.880642,-164.992218,4.878079,-35,-38,-50,6
22214,43.351484,0,76.178131,32.045280,170.672323,174.550615,4.856105,-35,-38,-50,6
22215,42.648432,0,75.730507,32.265594,170.650349,174.242988,3.988159,-35,-38,-50,6
22216,42.765568,0,-65.438675,28.688105,172.397229,-163.487045,22.160100,-35,-39,-51,6
22217,42.648477,0,75.730507,32.265594,170.221870,174.188055,3.581652,-35,-38,-50,6
22218,42.999985,0,77.968628,32.937027,173.748589,175.737175,4.032105,-35,-38,-51,6
22219,43.351554,0,75.730507,32.489407,170.683309,174.188055,3.065279,-35,-38,-50,6
22220,42.648562,0,76.401947,32.937027,172.397229,174.638508,2.241279,-35,-38,-51,6
22221,42.648479,0,76.401947,32.489407,170.881069,174.715415,3.131199,-35,-38,-50,6
22222,43.234314,0,78.192436,32.713215,172.397229,175.978881,3.581652,-35,-39,-50,6
22223,43.585896,0,77.968628,28.464293,171.111789,175.786615,22.258980,-35,-38,-50,6
22224,43.234393,0,-67.229164,28.688105,171.100803,-165.827204,20.918607,-35,-38,-50,6
22225,43.234315,0,79.087685,32.937027,172.847682,176.418348,2.691733,-35,-38,-50,6
22226,42.648586,0,-68.012505,27.345234,166.629231,-166.651204,23.159886,-35,-38,-50,6
22227,43.234518,0,-65.886299,28.240480,171.540269,-163.959471,23.709220,-35,-39,-51,6
22228,42.999915,0,76.401947,28.240480,170.079043,174.638508,21.929380,-35,-39,-50,6
22229,42.882754,0,79.745132,32.713215,172.430189,176.868801,3.658559,-35,-38,-50,6
22230,43.820230,0,-66.557732,28.016670,171.122776,-164.827418,23.857540,-35,-38,-50,6
22231,42.765656,0,79.087685,32.489407,172.309336,176.418348,4.109012,-35,-38,-50,6
22232,43.000099,0,-69.691093,32.045280,169.309977,-168.639790,3.570666,-35,-39,-50,6
22233,43.117232,0,76.401947,33.160839,173.353069,174.638508,2.230293,-35,-38,-50,6
22234,42.882868,0,79.087685,32.265594,171.496323,176.484268,4.911039,-35,-38,-50,6
22235,43.703174,0,78.192436,28.911917,171.254616,175.967895,20.138554,-35,-38,-50,6
22236,42.765551,0,78.640060,32.489407,171.979736,176.226081,4.438612,-35,-38,-50,6
22237,43.351705,0,-67.005356,28.016670,170.188910,-165.310831,23.050020,-35,-39,-50,6
22238,42.531307,0,77.521004,32.489407,171.957762,175.539415,3.581652,-35,-38,-50,6
22239,42.648475,0,-68.795845,27.569046,168.189337,-167.541124,23.939940,-35,-38,-50,6
22240,43.234405,0,77.521004,27.792858,168.859523,175.517441,23.071993,-35,-38,-50,6
22241,43.000113,0,77.744812,32.265594,171.496323,175.594348,4.471572,-35,-38,-50,6
22242,42.765567,0,76.401947,32.489407,171.056856,174.638508,3.658559,-35,-38,-50,6
22243,42.882978,0,77.744812,32.489407,171.754509,175.616321,3.515732,-35,-39,-50,6
22244,42.882842,0,-67.229164,27.345234,168.738670,-165.750298,25.313272,-35,-38,-50,6
22245,43.117174,0,-71.033966,26.897612,165.728324,-169.974670,23.939940,-35,-38,-51,6
22246,42.648566,0,77.521004,32.489407,171.957762,175.528428,4.460585,-35,-38,-50,6
22247,42.765774,0,-69.019661,30.478598,165.893124,-167.925657,7.602771,-35,-38,-50,6
22248,43.117123,0,-68.795845,32.265594,170.232856,-167.475204,3.131199,-35,-39,-50,6
22249,42.648599,0,77.744812,27.569046,168.958403,175.605335,23.813593,-35,-39,-50,6
22250,43.117066,0,79.087685,33.608463,175.528428,176.429334,2.230293,-35,-38,-50,6
22251,42.765708,0,76.178131,31.597656,168.881497,174.550615,5.328532,-35,-39,-50,6
22252,42.531203,0,79.745132,33.160839,174.188055,176.868801,3.131199,-35,-39,-50,6
22253,42.765641,0,77.073380,28.464293,170.672323,175.143895,21.929380,-35,-38,-50,6
22254,42.414017,0,77.073380,27.792858,168.409070,175.143895,22.742393,-35,-38,-50,6
22255,42.062578,0,77.073380,28.016670,168.431043,175.143895,21.874447,-35,-38,-50,6
22256,43.117212,0,80.640381,33.160839,174.188055,177.385174,3.570666,-35,-38,-50,6
22257,42.062444,0,79.087685,31.597656,169.749443,176.418348,6.207465,-35,-39,-50,6
22258,42.765663,0,-67.005356,28.911917,172.430189,-165.310831,21.423994,-35,-38,-50,6
22259,43.117222,0,77.744812,32.045280,170.881069,175.583361,5.152745,-35,-38,-50,6
22260,42.765750,0,79.745132,32.265594,172.012696,176.868801,4.867092,-35,-38,-50,6
22261,43.117213,0,76.401947,32.265594,172.155522,174.638508,4.933012,-35,-38,-50,6
22262,42.648431,0,79.087685,32.489407,172.452162,176.429334,4.878079,-35,-39,-50,6
22263,42.882959,0,77.521004,32.265594,171.430403,175.440535,4.460585,-35,-39,-50,6
22264,42.531424,0,83.773743,33.608463,176.484268,178.648640,3.515732,-35,-38,-50,6
22265,42.765794,0,-66.333916,32.489407,172.408216,-164.552751,4.922025,-35,-38,-50,6
22266,42.648358,0,78.192436,32.045280,170.210883,175.890988,4.856105,-35,-38,-51,6
22267,42.179742,0,81.535622,33.160839,174.638508,177.758721,3.581652,-35,-38,-50,6
22268,42.531201,0,77.073380,31.597656,169.320963,175.143895,5.822932,-35,-38,-50,6
22269,43.234410,0,79.745132,32.489407,172.452162,176.868801,4.856105,-35,-38,-50,6
22270,42.648540,0,81.535622,32.713215,173.331095,177.758721,4.427625,-35,-38,-50,6
22271,42.414119,0,-63.550262,28.464293,173.353069,-160.916166,24.840846,-35,-38,-50,6
22272,42.648336,0,77.744812,32.045280,170.979949,175.583361,4.768212,-35,-38,-50,6
22273,43.468780,0,-66.557732,28.240480,171.056856,-164.860378,22.764367,-35,-38,-50,6
22274,42.296777,0,82.654686,31.597656,170.447096,178.209174,6.229438,-35,-39,-50,6
22275,42.531351,0,83.773743,32.045280,172.397229,178.670614,6.251411,-35,-39,-50,6
22276,42.414093,0,85.340424,32.045280,172.902615,179.099094,7.547838,-35,-38,-49,6
22277,43.234440,0,80.640381,31.373844,168.420057,177.319254,5.811945,-35,-38,-49,6
22278,42.648565,0,-68.012505,28.016670,170.155950,-166.651204,23.599353,-35,-38,-49,6
22279,42.648477,0,80.192757,31.597656,170.617389,177.126988,7.152318,-35,-38,-49,6
22280,43.234429,0,81.535622,31.150032,169.309977,177.769707,7.558824,-35,-38,-49,6
22281,43.000102,0,-83.773743,32.265594,173.946348,-178.659627,6.943571,-35,-38,-49,6
22282,42.648568,0,-83.773743,31.373844,171.858882,-178.659627,9.031037,-35,-39,-49,6
22283,43.117346,0,-80.640381,30.926220,171.573229,-177.308267,10.668050,-35,-39,-49,6
22284,42.531135,0,-79.087685,31.597656,172.902615,-176.418348,9.349651,-35,-38,-49,6
22285,42.648366,0,-76.849571,32.489407,175.528428,-175.077975,7.910398,-35,-39,-49,6
22286,42.882978,0,-80.864189,31.821466,172.320322,-177.407147,7.097385,-35,-38,-49,6
22287,42.765597,0,-78.192436,31.597656,172.847682,-175.967895,8.888211,-35,-38,-50,6
22288,42.765640,0,-79.745132,32.045280,174.242988,-176.868801,8.229011,-35,-38,-49,6
22289,42.531315,0,-79.087685,30.926220,171.869869,-176.418348,11.557970,-35,-38,-50,6
22290,42.765837,0,-81.983246,31.373844,171.551256,-177.978454,8.888211,-35,-38,-50,6
22291,42.531280,0,-79.745132,31.597656,173.440962,-176.868801,9.800104,-35,-38,-50,6
22292,42.765538,0,-82.654686,31.821466,172.924589,-178.209174,8.492691,-35,-38,-49,6
22293,43.351543,0,-82.654686,31.821466,173.660695,-178.209174,8.580584,-35,-39,-50,6
22294,42.414165,0,-83.773743,33.160839,175.539415,-178.659627,4.878079,-35,-38,-50,6
22295,43.000058,0,-66.333916,30.478598,168.881497,-164.728538,10.668050,-35,-39,-50,6
22296,42.648526,0,-81.535622,27.345234,168.881497,-177.758721,25.511032,-35,-38,-50,6
22297,42.648484,0,-80.640381,32.937027,176.418348,-177.363201,6.207465,-35,-38,-49,6
22298,42.882804,0,-81.983246,31.150032,171.562243,-177.967467,9.580370,-35,-38,-50,6
22299,42.531165,0,-65.438675,27.569046,170.672323,-163.552965,25.840632,-35,-38,-50,6
22300,42.882771,0,-82.654686,31.821466,173.649709,-178.209174,8.580584,-35,-38,-49,6
22301,43.468777,0,-83.773743,30.926220,171.111789,-178.659627,10.228584,-35,-38,-49,6
22302,42.882757,0,-82.654686,30.926220,171.056856,-178.209174,10.733970,-35,-38,-50,6
22303,42.882900,0,-87.575043,31.373844,171.540269,-179.549547,9.327677,-35,-38,-50,6
22304,42.648391,0,-80.640381,31.150032,171.540269,-177.319254,10.294504,-35,-38,-50,6
22305,42.531175,0,-76.401947,32.045280,173.737602,-174.693442,8.256478,-35,-38,-49,6
22306,43.117345,0,-79.745132,31.150032,172.193976,-176.868801,10.486770,-35,-39,-50,6
22307,42.414230,0,-66.333916,28.464293,172.990509,-164.497818,24.412366,-35,-39,-50,6
22308,42.765604,0,-82.654686,30.478598,170.210883,-178.209174,11.492050,-35,-38,-50,6
22309,42.296805,0,-67.676788,30.702410,168.442030,-166.178777,9.338664,-35,-39,-50,6
22310,42.999985,0,-82.654686,31.150032,171.869869,-178.209174,9.909970,-35,-39,-49,6
22311,42.765656,0,-85.340424,30.702410,170.199896,-179.099094,11.140477,-35,-39,-50,6
22312,43.117336,0,-85.340424,32.713215,175.088961,-179.110080,5.800958,-35,-38,-49,6
22313,42.296911,0,-76.178131,32.489407,175.978881,-174.550615,8.042238,-35,-38,-49,6
22314,42.765580,0,-78.192436,33.160839,177.319254,-175.978881,6.701865,-35,-38,-49,6
22315,42.531357,0,-81.535622,32.489407,175.528428,-177.758721,7.987304,-35,-38,-50,6
22316,42.765747,0,-79.968941,31.373844,172.397229,-176.923734,9.327677,-35,-38,-49,6
22317,43.117075,0,-69.914902,27.121424,166.651204,-168.826563,24.533219,-35,-38,-50,6
22318,42.882977,0,-85.340424,32.489407,174.693442,-179.099094,7.339091,-35,-38,-50,6
22319,42.648584,0,-83.773743,30.478598,169.705496,-178.659627,10.733970,-35,-38,-50,6
22320,43.351568,0,-80.640381,30.926220,172.770775,-177.319254,12.008423,-35,-38,-50,6
22321,43.586099,0,87.575043,32.045280,172.463149,179.560533,7.152318,-35,-38,-50,6
22322,43.000124,0,-79.745132,32.489407,175.989868,-176.868801,8.042238,-35,-38,-50,6
22323,42.414186,0,-80.640381,31.597656,172.408216,-177.308267,8.503677,-35,-38,-49,6
22324,43.117080,0,-80.640381,31.150032,171.650136,-177.319254,9.690237,-35,-39,-50,6
22325,42.179744,0,-66.333916,27.792858,171.551256,-164.618671,25.390179,-35,-39,-49,6
22326,43.585985,0,-78.863876,31.373844,173.298135,-176.341441,10.360424,-35,-38,-50,6
22327,43.585991,0,-66.557732,28.240480,172.221442,-164.992218,24.500259,-35,-38,-50,6
22328,42.882766,0,-81.535622,31.821466,172.001709,-177.758721,7.536851,-35,-38,-50,6
22329,42.296865,0,-65.214859,28.016670,172.540056,-163.069552,25.500046,-35,-39,-50,6
22330,42.531258,0,-81.535622,31.373844,172.452162,-177.758721,9.338664,-35,-38,-49,6
22331,42.531416,0,-83.773743,30.926220,171.056856,-178.659627,10.239570,-35,-38,-50,6
22332,42.531182,0,-64.991051,31.597656,173.737602,-162.926725,10.283517,-35,-38,-49,6
22333,43.117083,0,-82.654686,32.045280,173.748589,-178.209174,8.437757,-35,-38,-50,6
22334,42.882902,0,-66.557732,31.373844,171.430403,-164.860378,8.910184,-35,-38,-49,6
22335,42.296870,0,-79.745132,32.045280,173.298135,-176.879788,7.558824,-35,-38,-50,6
22336,43.234269,0,-79.087685,31.597656,173.792535,-176.418348,9.800104,-35,-38,-50,6
22337,42.648412,0,-83.773743,27.121424,169.189123,-178.659627,26.642659,-35,-38,-50,6
22338,42.882894,0,-82.654686,31.597656,170.661336,-178.209174,6.668905,-35,-38,-50,6
22339,42.648590,0,-65.438675,31.821466,172.001709,-163.498032,7.602771,-35,-39,-50,6
22340,42.648587,0,-81.535622,31.821466,173.298135,-177.769707,8.492691,-35,-38,-50,6
22341,42.648581,0,-80.640381,31.373844,173.210242,-177.319254,10.360424,-35,-39,-50,6
22342,42.765726,0,-80.640381,31.373844,171.990722,-177.308267,9.327677,-35,-38,-50,6
22343,42.648329,0,-79.087685,32.045280,173.298135,-176.484268,7.987304,-35,-38,-50,6
22344,42.999973,0,-81.535622,30.926220,171.573229,-177.758721,10.668050,-35,-38,-50,6
22345,43.234452,0,-81.535622,32.265594,174.385815,-177.758721,7.405011,-35,-38,-50,6
22346,42.765704,0,-66.781540,27.345234,169.914243,-165.288858,26.203192,-35,-39,-50,6
22347,43.586011,0,-81.535622,30.478598,170.853603,-177.758721,11.876583,-35,-38,-50,6
22348,42.648259,0,-69.243469,27.345234,167.749870,-167.969604,24.709006,-35,-38,-50,6
22349,43.234318,0,-81.535622,30.926220,171.573229,-177.758721,10.668050,-35,-38,-50,6
22350,43.820213,0,-81.535622,31.373844,171.562243,-177.780694,9.327677,-34,-38,-49,6
22351,42.882725,0,-64.445511,28.688105,174.199042,-162.146672,24.297006,-35,-38,-50,6
22352,42.882784,0,-80.640381,32.045280,174.242988,-177.308267,8.437757,-35,-38,-49,6
22353,42.648370,0,-66.781540,30.926220,170.199896,-165.085604,9.316691,-35,-38,-50,6
22354,43.468778,0,-87.575043,31.821466,172.847682,-179.549547,8.437757,-35,-38,-50,6
22355,43.000022,0,-78.192436,31.373844,172.924589,-175.967895,9.789117,-35,-38,-50,6
22356,42.765732,0,-82.654686,31.597656,173.342082,-178.209174,9.789117,-35,-38,-50,6
22357,43.117150,0,-65.214859,28.016670,171.743522,-163.294778,25.142979,-35,-38,-50,6
22358,42.531350,0,-78.192436,31.821466,173.737602,-175.967895,9.020051,-35,-38,-49,6
22359,42.882834,0,-79.087685,32.265594,175.594348,-176.418348,8.888211,-35,-38,-50,6
22360,42.882807,0,-81.535622,28.464293,172.144536,-177.758721,23.599353,-35,-39,-50,6
22361,42.648473,0,-80.640381,31.821466,173.803522,-177.319254,8.877224,-35,-38,-50,6
22362,42.179746,0,-80.640381,27.345234,169.266030,-177.374187,25.280313,-35,-38,-49,6
22363,42.765626,0,-80.640381,31.373844,173.287149,-177.385174,10.470290,-35,-39,-49,6
22364,42.882745,0,-85.340424,30.702410,170.166936,-179.099094,10.733970,-35,-38,-49,6
22365,42.531202,0,-79.968941,32.045280,174.188055,-176.923734,8.492691,-35,-38,-49,6
22366,42.648560,0,-82.654686,31.597656,172.397229,-178.209174,8.492691,-35,-38,-50,6
22367,43.234536,0,83.773743,32.489407,173.737602,178.659627,5.811945,-35,-38,-49,6
22368,42.179661,0,-83.773743,32.045280,173.792535,-178.659627,7.547838,-35,-38,-49,6
22369,42.882948,0,-66.110107,26.897612,168.738670,-164.333018,27.038179,-35,-38,-49,6
22370,42.648396,0,-78.416252,31.821466,174.396802,-176.044801,9.349651,-35,-38,-50,6
22371,43.117307,0,-67.676788,27.345234,168.859523,-166.277657,24.862819,-35,-38,-49,6
22372,43.703171,0,-78.192436,31.597656,173.803522,-175.978881,9.778130,-35,-38,-50,6
22373,42.882799,0,-67.676788,27.569046,168.189337,-166.200751,23.203833,-35,-38,-50,6
22374,43.117337,0,77.521004,32.713215,172.463149,175.528428,3.131199,-35,-38,-50,6
22375,42.179833,0,69.914902,33.384651,170.232856,168.881497,-1.724906,-35,-38,-48,6
22376,42.413954,0,73.716209,28.911917,171.540269,172.430189,20.918607,-36,-39,-47,6
22377,42.296811,0,79.087685,32.045280,171.507309,176.484268,5.284585,-35,-38,-46,6
22378,43.820341,0,79.087685,32.489407,171.551256,176.462294,4.032105,-35,-38,-46,6
22379,43.468755,0,-63.997887,28.688105,173.287149,-161.421552,23.654286,-35,-38,-46,6
22380,43.351726,0,81.535622,32.265594,172.463149,177.769707,5.306558,-35,-38,-46,6
22381,42.765712,0,80.640381,32.265594,172.452162,177.308267,5.361492,-35,-38,-46,6
22382,42.765745,0,-65.886299,-32.265594,-174.671468,-163.937498,-7.569811,-35,-38,-47,6
22383,42.999916,0,78.863876,32.937027,173.649709,176.341441,3.570666,-35,-38,-47,6
22384,42.179684,0,75.730507,32.489407,170.529496,174.221015,3.131199,-35,-38,-47,6
22385,42.531146,0,75.282890,32.265594,169.782403,173.803522,2.680746,-35,-38,-47,6
22386,41.828225,0,75.059074,32.713215,171.639149,173.660695,2.241279,-35,-38,-47,6
22387,43.000118,0,79.087685,33.384651,174.199042,176.418348,2.219306,-35,-38,-47,6
22388,42.648389,0,-68.348221,28.688105,171.122776,-166.947844,21.423994,-36,-38,-47,6
22389,42.414149,0,75.282890,33.384651,172.847682,173.792535,1.340373,-35,-38,-47,6
22390,42.062450,0,75.059074,32.937027,171.990722,173.737602,1.779839,-35,-38,-48,6
22391,43.117183,0,74.163826,32.937027,171.315043,172.847682,0.889920,-36,-39,-48,6
22392,42.179743,0,73.492393,33.832275,173.111362,172.397229,-0.439467,-35,-38,-47,6
22393,42.648560,0,70.810150,33.160839,170.617389,169.760430,-0.439467,-35,-38,-48,6
22394,42.648431,0,71.257774,28.016670,167.969604,170.210883,21.187780,-36,-39,-48,6
22395,42.765763,0,73.492393,33.160839,171.496323,172.320322,0.889920,-35,-38,-48,6
22396,42.648460,0,71.481590,33.160839,170.897549,170.447096,0.000000,-35,-38,-48,6
22397,42.648462,0,73.940018,33.160839,171.551256,172.770775,0.900906,-35,-38,-48,6
22398,42.882759,0,-70.810150,28.240480,168.518937,-169.760430,20.962554,-35,-39,-48,6
22399,42.179743,0,73.716209,33.160839,171.573229,172.452162,0.439467,-35,-38,-47,6
22400,42.413980,0,71.705399,33.160839,171.122776,170.661336,0.000000,-35,-38,-47,6
22401,42.765769,0,72.597145,33.160839,171.056856,171.507309,0.450453,-35,-38,-47,6
22402,42.765759,0,-65.438675,33.384651,172.430189,-163.487045,0.000000,-35,-39,-48,6
22403,42.765600,0,75.059074,33.384651,172.902615,173.737602,0.834986,-35,-38,-48,6
22404,42.413933,0,74.611450,33.160839,171.705069,173.353069,0.450453,-35,-38,-48,6
22405,42.062383,0,71.705399,32.713215,169.760430,170.606403,0.834986,-35,-38,-48,6
22406,42.062515,0,76.849571,33.384651,173.210242,175.077975,0.889920,-35,-38,-47,6
22407,42.414147,0,73.716209,32.937027,171.111789,172.452162,1.340373,-35,-38,-48,6
22408,42.179656,0,75.059074,33.160839,173.111362,173.660695,1.724906,-35,-38,-48,6
22409,42.179600,0,70.810150,32.713215,169.749443,169.749443,0.450453,-35,-38,-47,6
22410,42.414103,0,76.401947,33.608463,173.792535,174.638508,0.900906,-35,-38,-48,6
22411,42.296916,0,-67.900604,28.911917,171.562243,-166.398511,20.962554,-36,-39,-48,6
22412,42.414152,0,-69.691093,29.135727,171.990722,-168.442030,19.567248,-35,-38,-48,6
22413,43.234426,0,72.820961,33.160839,171.320536,171.770989,0.000000,-35,-38,-47,6
22414,42.648672,0,72.597145,32.713215,169.771416,171.496323,0.889920,-35,-38,-48,6
22415,42.765770,0,73.492393,32.937027,170.979949,172.320322,0.889920,-35,-38,-48,6
22416,42.414141,0,76.401947,33.384651,173.353069,174.693442,1.340373,-35,-38,-48,6
22417,42.296805,0,77.521004,33.608463,173.891415,175.539415,1.093173,-35,-38,-48,6
22418,42.414075,0,79.745132,33.608463,173.792535,176.868801,0.450453,-35,-38,-47,6
22419,42.414233,0,70.810150,32.045280,167.541124,169.782403,2.230293,-35,-38,-47,6
22420,41.711037,0,75.954323,33.384651,173.495895,174.396802,1.340373,-35,-38,-47,6
22421,42.179853,0,74.611450,33.160839,171.540269,173.331095,0.889920,-35,-38,-47,6
22422,43.000072,0,-66.557732,28.911917,172.847682,-165.003204,21.259194,-35,-38,-47,6
22423,42.179718,0,76.849571,32.713215,171.562243,175.088961,2.175359,-35,-38,-47,6
22424,42.062518,0,75.282890,33.832275,173.825495,173.825495,0.000000,-35,-38,-47,6
22425,42.297043,0,74.835266,32.489407,170.210883,173.495895,2.680746,-35,-38,-47,6
22426,42.413895,0,74.835266,33.160839,172.100589,173.440962,1.329386,-36,-38,-47,6
22427,42.531391,0,76.401947,33.384651,172.452162,174.627522,0.000000,-36,-38,-48,6
22428,42.296916,0,73.044769,32.937027,171.199683,171.990722,1.329386,-35,-38,-48,6
22429,42.648415,0,75.730507,33.384651,172.902615,174.188055,0.900906,-35,-38,-47,6
22430,42.765714,0,74.163826,33.608463,172.891629,172.891629,0.000000,-36,-38,-47,6
22431,43.000142,0,79.087685,32.937027,173.056429,176.484268,3.131199,-35,-38,-47,6
22432,42.531333,0,77.073380,32.045280,170.298776,175.165868,4.867092,-35,-38,-47,6
22433,42.648524,0,73.492393,32.045280,168.420057,172.408216,2.230293,-35,-39,-48,6
22434,42.648543,0,76.849571,33.384651,173.287149,175.077975,1.790826,-35,-38,-48,6
22435,43.351568,0,75.730507,32.265594,168.848537,174.188055,1.790826,-35,-39,-48,6
22436,42.179833,0,76.401947,33.608463,173.803522,174.693442,0.450453,-35,-39,-49,6
22437,42.648561,0,75.730507,32.489407,171.056856,174.199042,2.680746,-35,-38,-49,6
22438,42.765762,0,75.282890,28.016670,169.266030,173.814508,22.066713,-35,-39,-49,6
22439,41.710883,0,75.730507,33.160839,171.946776,174.188055,0.977813,-35,-38,-49,6
22440,42.414002,0,76.401947,33.608463,173.803522,174.693442,0.450453,-35,-38,-49,6
22441,42.648454,0,75.282890,33.384651,172.902615,173.792535,0.889920,-35,-38,-49,6
22442,42.765608,0,74.163826,32.489407,171.056856,172.847682,2.680746,-35,-38,-49,6
22443,43.703180,0,77.521004,33.832275,174.627522,175.528428,0.900906,-35,-39,-49,6
22444,42.999966,0,73.268585,28.240480,169.266030,172.210456,21.358074,-35,-38,-48,6
22445,42.414189,0,73.492393,32.937027,171.430403,172.320322,1.340373,-35,-38,-49,6
22446,43.000075,0,71.481590,33.384651,172.397229,170.309763,0.900906,-35,-38,-49,6
22447,42.999945,0,72.149521,32.713215,170.650349,171.111789,1.790826,-35,-39,-49,6
22448,42.648604,0,74.163826,33.160839,171.990722,172.891629,1.340373,-35,-38,-49,6
22449,42.414103,0,74.163826,33.384651,172.089602,172.924589,0.450453,-35,-38,-49,6
22450,42.062539,0,74.611450,33.160839,172.012696,173.353069,1.340373,-35,-38,-49,6
22451,42.882834,0,75.730507,33.608463,173.748589,174.199042,0.450453,-35,-38,-48,6
22452,42.648542,0,71.033966,32.489407,168.299203,169.925230,0.889920,-35,-38,-49,6
22453,42.296959,0,74.611450,32.713215,170.661336,173.353069,1.790826,-35,-38,-49,6
22454,42.531312,0,76.401947,33.384651,173.353069,174.693442,1.340373,-35,-38,-49,6
22455,42.062383,0,74.611450,32.937027,171.122776,173.287149,1.428266,-35,-38,-49,6
22456,43.468761,0,75.730507,34.056087,174.638508,174.221015,-0.450453,-36,-39,-48,6
22457,42.999916,0,77.521004,34.056087,175.077975,175.528428,0.450453,-35,-38,-48,6
22458,42.296854,0,77.968628,33.608463,174.188055,175.726188,1.340373,-36,-38,-47,6
22459,42.882708,0,78.192436,32.045280,169.771416,175.967895,3.515732,-35,-38,-47,6
22460,42.414204,0,79.745132,33.832275,176.868801,176.912748,2.691733,-36,-38,-47,6
22461,42.882949,0,73.044769,32.045280,169.771416,171.858882,4.471572,-35,-38,-48,6
22462,42.531271,0,77.744812,32.713215,171.496323,175.583361,2.691733,-35,-38,-48,6
22463,42.179776,0,77.521004,32.489407,171.056856,175.528428,3.581652,-35,-38,-49,6
22464,42.999965,0,81.535622,32.713215,172.880642,177.802667,3.988159,-35,-39,-49,6
22465,42.414156,0,71.257774,32.489407,169.189123,170.090030,0.900906,-35,-39,-49,6
22466,42.414218,0,73.044769,32.937027,170.639363,171.990722,0.845973,-35,-38,-48,6
22467,42.414043,0,75.730507,33.384651,173.342082,174.188055,1.790826,-35,-38,-46,6
22468,42.999945,0,-67.229164,32.045280,171.957762,-165.728324,6.196478,-35,-38,-45,6
22469,42.414057,0,-74.611450,31.373844,174.693442,-173.298135,11.623890,-35,-38,-45,6
22470,42.882772,0,-76.178131,30.702410,172.001709,-174.550615,12.458876,-35,-38,-45,6
22471,42.648396,0,-73.716209,31.373844,175.077975,-172.463149,12.458876,-35,-37,-45,6
22472,44.171774,0,-78.416252,31.373844,173.737602,-176.033815,10.733970,-35,-38,-45,6
22473,42.648536,0,-76.401947,31.373844,173.880428,-174.715415,11.107517,-35,-38,-45,6
22474,42.882898,0,-74.163826,32.265594,176.868801,-172.902615,10.228584,-35,-37,-45,6
22475,43.234274,0,-78.192436,30.254786,169.331950,-175.978881,11.557970,-35,-38,-45,6
22476,42.765661,0,-79.745132,32.937027,176.484268,-176.868801,6.701865,-35,-38,-45,6
22477,42.882896,0,-79.087685,32.713215,176.429334,-176.418348,7.152318,-35,-38,-45,6
22478,43.820319,0,-77.521004,31.821466,174.638508,-175.517441,9.585864,-35,-37,-45,6
22479,42.765723,0,-79.745132,30.926220,171.957762,-176.868801,11.173437,-35,-37,-45,6
22480,43.351628,0,-78.192436,31.597656,174.177068,-175.989868,10.591144,-35,-37,-45,6
22481,43.468781,0,-78.192436,32.045280,174.671468,-175.967895,9.327677,-35,-37,-45,6
22482,42.765642,0,-79.087685,31.373844,172.847682,-176.484268,10.668050,-34,-37,-45,6
22483,42.648390,0,-77.744812,31.373844,173.298135,-175.572375,10.733970,-35,-37,-45,6
22484,43.117244,0,-75.282890,32.713215,177.231361,-173.748589,8.229011,-35,-38,-45,6
22485,43.234376,0,-77.521004,31.373844,173.331095,-175.528428,10.239570,-35,-37,-45,6
22486,43.117234,0,-78.192436,32.265594,175.528428,-175.967895,8.503677,-35,-38,-45,6
22487,43.351697,0,-79.745132,31.821466,173.737602,-176.868801,9.393597,-35,-38,-45,6
22488,43.234479,0,-79.745132,31.821466,173.737602,-176.879788,9.393597,-35,-37,-45,6
22489,42.882785,0,-78.192436,31.373844,172.847682,-175.978881,10.668050,-35,-38,-45,6
22490,42.882725,0,-78.863876,31.261938,172.397229,-176.341441,10.228584,-35,-38,-45,6
22491,42.765613,0,-76.849571,32.045280,175.528428,-175.088961,9.778130,-35,-38,-45,6
22492,42.765715,0,83.773743,31.373844,171.056856,178.648640,8.492691,-35,-38,-45,6
22493,42.648419,0,74.611450,32.713215,171.056856,173.287149,2.197333,-35,-38,-45,6
22494,42.296935,0,73.492393,34.727520,175.077975,172.320322,-2.757653,-35,-38,-47,6
22495,42.179747,0,69.243469,33.608463,170.650349,167.969604,-2.241279,-35,-38,-48,6
22496,42.531259,0,72.149521,32.489407,169.331950,171.122776,1.790826,-35,-39,-49,6
22497,42.531265,0,73.268585,32.713215,171.056856,172.100589,1.790826,-35,-39,-49,6
22498,42.648419,0,-69.914902,32.937027,169.529710,-168.815577,0.000000,-36,-38,-49,6
22499,42.648569,0,76.178131,33.608463,173.737602,174.550615,0.889920,-35,-39,-49,6
22500,43.820362,0,72.597145,33.384651,170.979949,171.430403,-0.889920,-35,-38,-49,6
22501,42.531226,0,76.401947,34.279900,175.528428,174.638508,-0.450453,-35,-38,-49,6
22502,43.234438,0,74.163826,32.937027,171.551256,172.847682,1.340373,-35,-38,-48,6
22503,42.765708,0,75.059074,32.713215,169.309977,173.737602,0.889920,-36,-39,-49,6
22504,42.531398,0,71.705399,32.713215,169.331950,170.672323,0.439467,-35,-38,-49,6
22505,42.765477,0,72.149521,34.503708,173.353069,171.111789,-3.581652,-35,-38,-48,6
22506,42.648488,0,72.149521,33.608463,171.320536,170.979949,-1.340373,-35,-38,-47,6
22507,42.531243,0,78.416252,33.160839,173.056429,176.033815,2.230293,-35,-38,-46,6
22508,43.703241,0,79.087685,33.384651,174.638508,176.418348,2.680746,-35,-38,-46,6
22509,42.179764,0,78.416252,32.713215,172.880642,176.033815,3.537706,-35,-38,-46,6
22510,43.351523,0,80.640381,32.937027,172.452162,177.319254,2.241279,-35,-38,-46,6
22511,42.296842,0,76.401947,32.045280,169.408856,174.682455,3.120212,-35,-38,-46,6
22512,42.062538,0,78.192436,32.937027,172.770775,175.890988,3.120212,-35,-38,-47,6
22513,42.531282,0,76.401947,32.489407,171.111789,174.627522,3.515732,-35,-38,-46,6
22514,43.351701,0,74.163826,33.384651,172.847682,172.902615,1.351360,-35,-38,-46,6
22515,42.414075,0,74.163826,33.160839,171.056856,172.880642,0.000000,-35,-38,-47,6
22516,42.531315,0,70.810150,33.832275,172.452162,169.771416,-1.340373,-35,-38,-48,6
22517,42.297040,0,64.445511,33.160839,168.738670,162.146672,-1.724906,-35,-38,-48,6
22518,42.882839,0,71.033966,28.464293,169.189123,169.859310,19.825434,-36,-39,-49,6
22519,43.937461,0,75.059074,34.056087,174.188055,173.660695,-0.527360,-35,-38,-49,6
22520,43.000035,0,69.579185,33.384651,170.210883,168.420057,-1.790826,-35,-38,-49,6
22521,43.000098,0,69.019661,32.489407,167.925657,167.925657,0.000000,-35,-38,-48,6
22522,43.117072,0,70.362526,28.911917,170.079043,169.189123,19.374981,-35,-38,-49,6
22523,43.585876,0,68.348221,32.937027,168.431043,167.101657,-1.329386,-35,-39,-49,6
22524,43.234362,0,70.586342,33.160839,170.298776,169.408856,-0.889920,-35,-38,-49,6
